config_rule,guidance,client,service,function,keys_to_get,doc_link
access-keys-rotated,Ensure that active IAM access keys are rotated (changed) within the numberof days speciﬁed in maxAccess KeyAge. The rule is NON_COMPLIANT if access keys are not rotated within the speciﬁed time period. the default value is 90 days.,iam,iam,get_access_key_last_used,"IAM, KeyAge, the default",https://boto3.amazonaws.com/v1/documentation/api/latest/reference/services/iam.html#IAM.Client.get_access_key_last_used
acm-certiﬁcate-rsa-check,Ensure that RSA certiﬁcates managed by AWS Certiﬁcate Manager (ACM) have a key length of at least '2048' bits.The rule is NON_COMPLIANT if the minimumkey length is less than 2048 bits.,acm,acm,describe_certificate,"RSA, ACM",https://boto3.amazonaws.com/v1/documentation/api/latest/reference/services/acm.html#ACM.Client.describe_certificate
acm-pca-root-ca-disabled,Ensure that AWS Private Certiﬁcate Authority (AWS Private CA) has a root CA that is disabled. The rule is NON_COMPLIANT for root CAs with status that is not DISABLED.,acm-pca,acm-pca,describe_certificate_authority,"Private, Authority, CAs, DISABLED",https://boto3.amazonaws.com/v1/documentation/api/latest/reference/services/acm-pca.html#ACMPCA.Client.describe_certificate_authority
api-gw-cache-enabled-and-encrypted,Ensure that all methods in Amazon API Gateway stages have cache enabled and cache encrypted. The rule is NON_COMPLIANT if any method in an Amazon API Gateway stage is not conﬁgured to cache or the cache is not encrypted.,apigateway,apigateway,get_stage,,https://boto3.amazonaws.com/v1/documentation/api/latest/reference/services/apigateway.html#APIGateway.Client.get_stage
api-gw-endpoint-type-check,Ensure that Amazon API Gateway APIs are of the type speciﬁed in the rule parameter 'endpointConﬁgurationType'. The rule returns NON_COMPLIANT if the REST API does not match the endpoint type conﬁgured in the rule parameter.,apigateway,apigateway,get_stage,"APIs, REST",https://boto3.amazonaws.com/v1/documentation/api/latest/reference/services/apigateway.html#APIGateway.Client.get_stage
api-gw-xray-enabled,Ensure that AWS X-Ray tracing is enabled on Amazon API Gateway REST APIs. The rule is COMPLIANT if X-Ray tracing is enabled and NON_COMPLIANT otherwise.,apigateway,apigateway,get_stage,"Ray, REST, APIs",https://boto3.amazonaws.com/v1/documentation/api/latest/reference/services/apigateway.html#APIGateway.Client.get_stage
api-gwv2-access-logs-enabled,Ensure that Amazon API Gateway V2 stages have access logging enabled. The rule is NON_COMPLIANT if 'accessLogSettings' is not present in Stage conﬁguration.,apigatewayv2,apigatewayv2,get_stage,Stage,https://boto3.amazonaws.com/v1/documentation/api/latest/reference/services/apigatewayv2.html#ApiGatewayV2.Client.get_stage
appsync-associated-with-waf,Ensure that AWS AppSync APIs are associated with AWS WAFv2 web access control lists (ACLs). The rule is NON_COMPLIANT for an AWS AppSync API if it is not associated with a web ACL.,appsync,appsync,get_graphql_api,"AppSync, APIs, WAFv2, ACLs, ACL",https://boto3.amazonaws.com/v1/documentation/api/latest/reference/services/appsync.html#AppSync.Client.get_graphql_api
appsync-logging-enabled,"Ensure that an AWS AppSync API has logging enabled. The rule is NON_COMPLIANT if logging is not enabled, or 'ﬁeldLogLevel' is neither ERROR nor ALL.",appsync,appsync,get_graphql_api,"AppSync, ERROR, ALL",https://boto3.amazonaws.com/v1/documentation/api/latest/reference/services/appsync.html#AppSync.Client.get_graphql_api
athena-workgroup-encrypted-at-rest,Ensure that an Amazon Athena workgroup is encrypted at rest. The rule is NON_COMPLIANT if encryption of data at rest is not enabled for an Athena workgroup.,athena,athena,get_work_group,Athena,https://boto3.amazonaws.com/v1/documentation/api/latest/reference/services/athena.html#Athena.Client.get_work_group
aurora-resources-protected-by-backup-plan,Ensure that Amazon Aurora DB clusters are protected by a backup plan. The rule is NON_COMPLIANT if the Amazon Relational Database Service (Amazon RDS) Database Cluster is not protected by a backup plan.,rds,rds,describe_db_clusters,"Aurora, Relational, Database, RDS, Cluster",https://boto3.amazonaws.com/v1/documentation/api/latest/reference/services/rds.html#RDS.Client.describe_db_clusters
autoscaling-launchconﬁg-requires-imdsv2,Ensure that only IMDSv2 is enabled. This rule is NON_COMPLIANT if the Metadata version is not included in the launch conﬁguration or if both MetadataV1 and V2 are enabled.,autoscaling,autoscaling,describe_launch_configuration,"IMDSv2, This, Metadata, MetadataV1",https://boto3.amazonaws.com/v1/documentation/api/latest/reference/services/autoscaling.html#AutoScaling.Client.describe_launch_configuration
backup-recovery-point-manual-deletion-disabled,"Ensure that a backup vault has an attached resource-based policy which prevents deletion of recovery points. The rule is NON_COMPLIANT if the Backup Vault does not have resource- based policies or has policies withouta suitable 'Deny' statement (statement with backup:DeleteRecoveryPoint, backup:UpdateRecoveryPointLifecycle, and backup:PutBackupVaultAccess Policy permissions).",backup,backup,describe_backup_vault,"Backup, Vault, Deny, DeleteRecoveryPoint, UpdateRecoveryPointLifecycle, PutBackupVaultAccess",https://boto3.amazonaws.com/v1/documentation/api/latest/reference/services/backup.html#Backup.Client.describe_backup_vault
cloudformation-stack-notiﬁcation-check,Ensure that your CloudFormation stacks send event notiﬁcations to an Amazon SNS topic. Optionally ensure that speciﬁed Amazon SNS topics are used. The rule is NON_COMPLIANT if CloudFormation stacks do not send notiﬁcations.,cloudformation,cloudformation,describe_stacks,"CloudFormation, SNS, Optionally",https://boto3.amazonaws.com/v1/documentation/api/latest/reference/services/cloudformation.html#Cloudformation.Client.describe_stacks
cloudfront-accesslogs-enabled,Ensure that Amazon CloudFront distributions are conﬁgured to deliver access logs to an Amazon S3 bucket. The rule is NON_COMPLIANT if a CloudFront distribution does not have logging conﬁgured.,cloudfront,cloudfront,get_distribution,CloudFront,https://boto3.amazonaws.com/v1/documentation/api/latest/reference/services/cloudfront.html#CloudFront.Client.get_distribution
cloudfront-associated-with-waf,Ensure that Amazon CloudFront distributions are associated with either web application ﬁrewall (WAF) or WAFv2 web access control lists (ACLs). The rule is NON_COMPLIANT if a CloudFront distribution is not associated with a WAF web ACL.,cloudfront,cloudfront,get_distribution,"CloudFront, WAF, WAFv2, ACLs, ACL",https://boto3.amazonaws.com/v1/documentation/api/latest/reference/services/cloudfront.html#CloudFront.Client.get_distribution
cloudfront-custom-ssl-certiﬁcate,Ensure that the certiﬁcate associated with an Amazon CloudFront distribution is not the defaultSSL certiﬁcate. The rule is NON_COMPLIANT if a CloudFront distribution uses the default SSL certiﬁcate.,cloudfront,cloudfront,get_distribution,CloudFront,https://boto3.amazonaws.com/v1/documentation/api/latest/reference/services/cloudfront.html#CloudFront.Client.get_distribution
cloudfront-no-deprecated-ssl-protocols,Ensure that CloudFront distributions are not using deprecated SSL protocols for HTTPS communication between CloudFront edge locations and custom origins. This rule is NON_COMPLIANT for a CloudFront distribution if any'OriginSslProtocols' includes'SSLv3'.,cloudfront,cloudfront,get_distribution,"CloudFront, This, OriginSslProtocols, SSLv3",https://boto3.amazonaws.com/v1/documentation/api/latest/reference/services/cloudfront.html#CloudFront.Client.get_distribution
cloudfront-origin-access-identity-enabled,"Ensure that CloudFront distribution with Amazon S3 Origin type has origin access identity (OAI) conﬁgured. The rule is NON_COMPLIANT if the CloudFront distribution is backed by S3 and any origin type is not OAI conﬁgured, or the origin is not an S3 bucket.",cloudfront,cloudfront,get_distribution,"CloudFront, Origin, OAI",https://boto3.amazonaws.com/v1/documentation/api/latest/reference/services/cloudfront.html#CloudFront.Client.get_distribution
cloudfront-s3-origin-access-control-enabled,Ensure that an Amazon CloudFront distribution with an Amazon Simple Storage Service (Amazon S3) Origin type has origin access control (OAC) enabled. The rule is NON_COMPLIANT for CloudFront distributions with Amazon S3 origins that don't have OAC enabled.,cloudfront,cloudfront,get_distribution,"CloudFront, Simple, Storage, Origin, OAC",https://boto3.amazonaws.com/v1/documentation/api/latest/reference/services/cloudfront.html#CloudFront.Client.get_distribution
cloudfront-security-policy-check,Ensure that Amazon CloudFront distributions are using a minimum security policy and cipher suite of TLSv1.2 or greater for viewer connections. This rule is NON_COMPLIANT for a CloudFront distribution if the minimumProtocolVersion is below TLSv1.2_2018.,cloudfront,cloudfront,get_distribution,"CloudFront, TLSv1, This, 2_2018",https://boto3.amazonaws.com/v1/documentation/api/latest/reference/services/cloudfront.html#CloudFront.Client.get_distribution
cloudfront-sni-enabled,Ensure that Amazon CloudFront distributions are using a custom SSL certiﬁcate and are conﬁgured to use SNI to serve HTTPS requests. The rule is NON_COMPLIANT if a customSSL certiﬁcate is associated but the SSL support method is a dedicated IP address.,cloudfront,cloudfront,get_distribution,"CloudFront, SNI",https://boto3.amazonaws.com/v1/documentation/api/latest/reference/services/cloudfront.html#CloudFront.Client.get_distribution
cloudfront-traﬃc-to-origin-encrypted,Ensure that Amazon CloudFront distributions are encrypting traﬃc to custom origins. The rule is NON_COMPLIANT if 'OriginProtocolPolicy' is 'http-only' or if 'OriginProtocolPolicy' is 'match-viewer' and 'ViewerProtocolPolicy' is 'allow-all'.,cloudfront,cloudfront,get_distribution,"CloudFront, OriginProtocolPolicy, ViewerProtocolPolicy",https://boto3.amazonaws.com/v1/documentation/api/latest/reference/services/cloudfront.html#CloudFront.Client.get_distribution
cloudfront-viewer-policy-https,Ensure that your Amazon CloudFront distributions use HTTPS (directly or via a redirection). The rule is NON_COMPLIANT if the value of ViewerProtocolPolicy is set to 'allow-all' for the DefaultCacheBehavior or for the CacheBehaviors.,cloudfront,cloudfront,get_distribution,"CloudFront, ViewerProtocolPolicy, DefaultCacheBehavior, CacheBehaviors",https://boto3.amazonaws.com/v1/documentation/api/latest/reference/services/cloudfront.html#CloudFront.Client.get_distribution
cloudtrail-enabled,"Note: For this rule, the rule identiﬁer (CLOUD_TRAIL_ENABLED) and rule name (cloudtrail- enabled) are diﬀerent. Ensure that an AWS CloudTrail trail is enabled in your AWS account. The rule is NON_COMPLIANT if a trail is not enabled. Optionally, the rule checks a speciﬁc S3 bucket, Amazon Simple Notiﬁcation Service (Amazon SNS) topic, and CloudWatch log group.",cloudtrail,cloudtrail,get_trail,"Note, For, CLOUD_TRAIL_ENABLED, CloudTrail, Optionally, Simple, SNS, CloudWatch",https://boto3.amazonaws.com/v1/documentation/api/latest/reference/services/cloudtrail.html#CloudTrail.Client.get_trail
cloudtrail-security-trail-enabled,"Ensure that there is at least one AWS CloudTrail trail defined with security best practices. This rule is COMPLIANT if there is at least one trail that meets all of the following: records global service events, is a multi-region trail, has Log file validation enabled, encrypted with a KMS key, records events for reads and writes, records management events, does not exclude any management events.",cloudtrail,cloudtrail,get_trail,"CloudTrail, This, Log, KMS",https://boto3.amazonaws.com/v1/documentation/api/latest/reference/services/cloudtrail.html#CloudTrail.Client.get_trail
cloudwatch-alarm-action-check,"Ensure that CloudWatch alarms have an action conﬁgured for the ALARM, INSUFFICIENT_DATA, or OK state. Optionally ensure that any actions match a named ARN. The rule is NON_COMPLIANT if there is no action speciﬁed for the alarm or optional parameter.",cloudwatch,cloudwatch,describe_alarms,"CloudWatch, ALARM, INSUFFICIENT_DATA, Optionally, ARN",https://boto3.amazonaws.com/v1/documentation/api/latest/reference/services/cloudwatch.html#CloudWatch.Client.describe_alarms
cloudwatch-alarm-resource-check,"Ensure that a resource type has a CloudWatch alarm for the named metric. For resource type,you can specify EBS volumes, EC2 instances, Amazon RDS clusters, or S3 buckets. The rule is COMPLIANT if the named metric has a resource ID and CloudWatch alarm.",cloudwatch,cloudwatch,describe_alarms,"CloudWatch, For, EBS, EC2, RDS",https://boto3.amazonaws.com/v1/documentation/api/latest/reference/services/cloudwatch.html#CloudWatch.Client.describe_alarms
cloudwatch-alarm-settings-check,Ensure that CloudWatch alarms with the given metric name have the speciﬁed settings.,cloudwatch,cloudwatch,describe_alarms,CloudWatch,https://boto3.amazonaws.com/v1/documentation/api/latest/reference/services/cloudwatch.html#CloudWatch.Client.describe_alarms
codebuild-project-artifact-encryption,Ensure that an AWS CodeBuild project has encryption enabled for all of its artifacts. The rule is NON_COMPLIANT if 'encryptionDisabled' is set to 'true' for any primary or secondary(if present) artifact conﬁgurations.,codebuild,codebuild,batch_get_projects,CodeBuild,https://boto3.amazonaws.com/v1/documentation/api/latest/reference/services/codebuild.html#CodeBuild.Client.batch_get_projects
codebuild-project-envvar-awscred-check,Ensure that the project DOES NOT contain environment variables AWS_ACCESS_KEY_ID and AWS_SECRET_ACCESS_KEY. The rule is NON_COMPLIANT when the project environment variables contains plaintext credentials.,codebuild,codebuild,batch_get_projects,"DOES, NOT, AWS_ACCESS_KEY_ID, AWS_SECRET_ACCESS_KEY",https://boto3.amazonaws.com/v1/documentation/api/latest/reference/services/codebuild.html#CodeBuild.Client.batch_get_projects
codebuild-project-s3-logs-encrypted,Ensure that an AWS CodeBuild project conﬁgured with Amazon S3 Logs has encryption enabled for its logs. The rule is NON_COMPLIANT if 'encryptionDisabled' is set to 'true' in a S3LogsConﬁg of a CodeBuild project.,codebuild,codebuild,batch_get_projects,"CodeBuild, Logs",https://boto3.amazonaws.com/v1/documentation/api/latest/reference/services/codebuild.html#CodeBuild.Client.batch_get_projects
codebuild-project-source-repo-url-check,Ensure that the Bitbucket source repository URL DOES NOT contain sign-in credentials or not. The rule is NON_COMPLIANT if the URL contains any sign-in information and COMPLIANT if it doesn't.,codebuild,codebuild,batch_get_projects,"Bitbucket, URL, DOES, NOT",https://boto3.amazonaws.com/v1/documentation/api/latest/reference/services/codebuild.html#CodeBuild.Client.batch_get_projects
codedeploy-lambda-allatonce-traﬃc-shift-disabled,Ensure that the deployment group for Lambda Compute Platform is not using the default deployment conﬁguration. The rule is NON_COMPLIANT if the deployment group is using the deployment conﬁguration 'CodeDeployDefault.LambdaAllAtOnce'.,codedeploy,codedeploy,get_deployment_group,"Lambda, Compute, Platform, CodeDeployDefault, LambdaAllAtOnce",https://boto3.amazonaws.com/v1/documentation/api/latest/reference/services/codedeploy.html#CodeDeploy.Client.get_deployment_group
codepipeline-deployment-count-check,"Ensure that the ﬁrst deployment stage of AWS CodePipeline performs at least one deployment. This is to monitor continuous deployment activity, ensuring regular updates and identifying inactive or underutilized pipelines, which can signal issues in the development or deployment process. Optionally ensure that eachof the subsequent remaining stages deploy to more than the speciﬁed numberof deployments (deploymentLimit).",codepipeline,codepipeline,get_pipeline,"CodePipeline, This, Optionally",https://boto3.amazonaws.com/v1/documentation/api/latest/reference/services/codepipeline.html#CodePipeline.Client.get_pipeline
cw-loggroup-retention-period-check,"Ensure that an Amazon CloudWatch LogGroup retention period is set to greater than 365 days or else a speciﬁed retention period. The rule is NON_COMPLIANT if the retention period is less than MinRetentionTime, if speciﬁed, or else 365 days.",logs,cloudwatch-logs,describe_log_groups,"CloudWatch, LogGroup, MinRetentionTime",https://boto3.amazonaws.com/v1/documentation/api/latest/reference/services/cloudwatch-logs.html#CloudwatchLogs.Client.describe_log_groups
dax-encryption-enabled,Ensure that Amazon DynamoDB Accelerat or (DAX) clusters are encrypted. The rule is NON_COMPLIANT if a DAX cluster is not encrypted.,dax,dax,describe_clusters,"DynamoDB, Accelerat, DAX",https://boto3.amazonaws.com/v1/documentation/api/latest/reference/services/dax.html#DAX.Client.describe_clusters
dax-tls-endpoint-encryption,Ensure that your Amazon DynamoDB Accelerator (DAX) cluster has ClusterEndpointEncryptionType set to TLS. The rule is NON_COMPLIANT if a DAX cluster is not encrypted by transport layer security (TLS).,dax,dax,describe_clusters,"DynamoDB, Accelerator, DAX, ClusterEndpointEncryptionType",https://boto3.amazonaws.com/v1/documentation/api/latest/reference/services/dax.html#DAX.Client.describe_clusters
db-instance-backup-enabled,"Ensure that RDSDB instances have backups enabled. Optionally, the rule checks the backup retention period and the backup window.",unknown,unknown,unknown,"RDSDB, Optionally",
dms-endpoint-ssl-conﬁgured,Ensure that AWS Database Migration Service (AWS DMS) endpoints are conﬁgured with anSSL connection. The rule is NON_COMPLIANT if AWS DMS does not have an SSL connection conﬁgured.,dms,dms,describe_endpoints,"Database, Migration, DMS",https://boto3.amazonaws.com/v1/documentation/api/latest/reference/services/dms.html#DMS.Client.describe_endpoints
dms-redis-tls-enabled,Ensure that AWS Database Migration Service (AWS DMS) endpoints for Redis data stores are enabled for TLS/SSL encryption of data communicated with other endpoints. The rule is NON_COMPLIANT if TLS/SSL encryption is not enabled.,dms,dms,describe_endpoints,"Database, Migration, DMS, Redis",https://boto3.amazonaws.com/v1/documentation/api/latest/reference/services/dms.html#DMS.Client.describe_endpoints
docdb-cluster-encrypted,Ensure that storage encryption is enabled for your Amazon DocumentDB (with MongoDB compatibi lity) clusters. The rule is NON_COMPLIANT if storage encryption is not enabled.,docdb,docdb,describe_db_clusters,"DocumentDB, MongoDB",https://boto3.amazonaws.com/v1/documentation/api/latest/reference/services/docdb.html#DocDB.Client.describe_db_clusters
docdb-cluster-snapshot-public-prohibited,Ensure that Amazon DocumentDB manual cluster snapshots are not public. The rule is NON_COMPLIANT if any Amazon DocumentDB manual cluster snapshots are public.,docdb,docdb,describe_db_clusters,DocumentDB,https://boto3.amazonaws.com/v1/documentation/api/latest/reference/services/docdb.html#DocDB.Client.describe_db_clusters
dynamodb-in-backup-plan,Ensure that Amazon DynamoDB tables are present in AWS Backup Plans. The rule is NON_COMPLIANT if Amazon DynamoDB tables are not present in any AWS Backup plan.,dynamodb,dynamodb,describe_table,"DynamoDB, Backup, Plans",https://boto3.amazonaws.com/v1/documentation/api/latest/reference/services/dynamodb.html#DynamoDB.Client.describe_table
dynamodb-pitr-enabled,Ensure that point- in-time recovery (PITR) is enabled for Amazon DynamoDB tables. The rule is NON_COMPLIANT if PITR is not enabled for DynamoDB tables.,dynamodb,dynamodb,describe_table,"PITR, DynamoDB",https://boto3.amazonaws.com/v1/documentation/api/latest/reference/services/dynamodb.html#DynamoDB.Client.describe_table
dynamodb-resources-protected-by-backup-plan,Ensure that Amazon DynamoDB tables are protected by a backup plan. The rule is NON_COMPLIANT if the DynamoDB Table is not covered by a backup plan.,dynamodb,dynamodb,describe_table,"DynamoDB, Table",https://boto3.amazonaws.com/v1/documentation/api/latest/reference/services/dynamodb.html#DynamoDB.Client.describe_table
dynamodb-table-encrypted-kms,Ensure that Amazon DynamoDB table is encrypted with AWS Key Management Service (KMS). The rule is NON_COMPLIANT if Amazon DynamoDB table is not encrypted with AWS KMS. The rule is also NON_COMPLIANT if the encrypted AWS KMS key is not present in kmsKeyArns input parameter.,dynamodb,dynamodb,describe_table,"DynamoDB, Management, KMS",https://boto3.amazonaws.com/v1/documentation/api/latest/reference/services/dynamodb.html#DynamoDB.Client.describe_table
dynamodb-table-encryption-enabled,Ensure that the Amazon DynamoDB tables are encrypted and checks their status. The rule is COMPLIANT if the status is enabled or enabling.,dynamodb,dynamodb,describe_table,DynamoDB,https://boto3.amazonaws.com/v1/documentation/api/latest/reference/services/dynamodb.html#DynamoDB.Client.describe_table
ebs-in-backup-plan,Ensure that Amazon Elastic Block Store (Amazon EBS) volumes are added in backup plans of AWS Backup. The rule is NON_COMPLIANT if Amazon EBS volumes are not included in backup plans.,ec2,ec2,describe_volumes,"Elastic, Block, Store, EBS, Backup",https://boto3.amazonaws.com/v1/documentation/api/latest/reference/services/ec2.html#EC2.Client.describe_volumes
ebs-resources-protected-by-backup-plan,Ensure that Amazon Elastic Block Store (Amazon EBS) volumes are protected by a backup plan. The rule is NON_COMPLIANT if the Amazon EBS volume is not covered by a backup plan.,ec2,ec2,describe_volumes,"Elastic, Block, Store, EBS",https://boto3.amazonaws.com/v1/documentation/api/latest/reference/services/ec2.html#EC2.Client.describe_volumes
ec2-client-vpn-not-authorize-all,Ensure that the AWS Client VPN authorization rules does not authorize connection access for all clients. The rule is NON_COMPLIANT if 'AccessAll' is present and set to true.,ec2,ec2,describe_instances,"Client, VPN, AccessAll",https://boto3.amazonaws.com/v1/documentation/api/latest/reference/services/ec2.html#EC2.Client.describe_instances
ec2-imdsv2-check,Ensure that your Amazon Elastic Compute Cloud (Amazon EC2) instance metadata version is conﬁgured with Instance Metadata Service Version 2 (IMDSv2). The rule is NON_COMPLIANT if the HttpTokens is set to optional.,ec2,ec2,describe_instances,"Elastic, Compute, Cloud, EC2, Instance, Metadata, Version, IMDSv2, HttpTokens",https://boto3.amazonaws.com/v1/documentation/api/latest/reference/services/ec2.html#EC2.Client.describe_instances
ec2-instance-detailed-monitoring-enabled,Ensure that detailed monitoring is enabled for EC2 instances. The rule is NON_COMPLIANT if detailed monitoring is not enabled.,ec2,ec2,describe_instances,EC2,https://boto3.amazonaws.com/v1/documentation/api/latest/reference/services/ec2.html#EC2.Client.describe_instances
ec2-instance-proﬁle-attached,Ensure that an EC2 instance has an AWS Identity and Access Management (IAM) proﬁle attached to it. The rule is NON_COMPLIANT if no IAM proﬁle is attached to the EC2 instance.,ec2,ec2,describe_instances,"EC2, Identity, Access, Management, IAM",https://boto3.amazonaws.com/v1/documentation/api/latest/reference/services/ec2.html#EC2.Client.describe_instances
ec2-launch-template-public-ip-disabled,Ensure that Amazon EC2 Launch Templates are not set to assign public IP addresses to Network Interfaces. The rule is NON_COMPLIANT if the default version of an EC2 Launch Template has at least 1 Network Interface with 'AssociatePublicIpAddress' set to 'true'.,ec2,ec2,describe_instances,"EC2, Launch, Templates, Network, Interfaces, Template, Interface, AssociatePublicIpAddress",https://boto3.amazonaws.com/v1/documentation/api/latest/reference/services/ec2.html#EC2.Client.describe_instances
ec2-no-amazon-key-pair,Ensure that running Amazon Elastic Compute Cloud (EC2) instances are not launched using amazon key pairs. The rule is NON_COMPLIANT if a running EC2 instance is launched with a key pair.,ec2,ec2,describe_instances,"Elastic, Compute, Cloud, EC2",https://boto3.amazonaws.com/v1/documentation/api/latest/reference/services/ec2.html#EC2.Client.describe_instances
ec2-resources-protected-by-backup-plan,Ensure that Amazon Elastic Compute Cloud (Amazon EC2) instances are protected by a backup plan. The rule is NON_COMPLIANT if the Amazon EC2 instance is not covered by a backup plan.,ec2,ec2,describe_instances,"Elastic, Compute, Cloud, EC2",https://boto3.amazonaws.com/v1/documentation/api/latest/reference/services/ec2.html#EC2.Client.describe_instances
ec2-transit-gateway-auto-vpc-attach-disabled,Ensure that Amazon Elastic Compute Cloud (Amazon EC2) Transit Gateways do not have 'AutoAcceptSharedAttachments' enabled. The rule is NON_COMPLIANT for a Transit Gateway if 'AutoAcceptSharedAttachments' is set to 'enable'.,ec2,ec2,describe_instances,"Elastic, Compute, Cloud, EC2, Transit, Gateways, AutoAcceptSharedAttachments",https://boto3.amazonaws.com/v1/documentation/api/latest/reference/services/ec2.html#EC2.Client.describe_instances
ec2-volume-inuse-check,Ensure that EBS volumes are attached to EC2 instances. Optionally ensure that EBS volumes are marked for deletion when an instance is terminated.,ec2,ec2,describe_instances,"EBS, EC2, Optionally",https://boto3.amazonaws.com/v1/documentation/api/latest/reference/services/ec2.html#EC2.Client.describe_instances
ecr-private-lifecycle-policy-conﬁgured,Ensure that a private Amazon Elastic Container Registry (ECR) repository has at least one lifecycle policy conﬁgured. The rule is NON_COMPLIANT if no lifecycle policy is conﬁgured for the ECR private repository.,unknown,unknown,unknown,"Elastic, Container, Registry, ECR",
ecs-task-deﬁnition-log-conﬁguration,Ensure that logConﬁguration is set on active ECS Task Deﬁnitions. This rule is NON_COMPLIANT if an active ECSTaskDeﬁnition does not have the logConﬁguration resource deﬁned or the value for logConﬁguration is null in at least one container deﬁnition.,unknown,unknown,unknown,"ECS, Task, This",
ecs-task-deﬁnition-pid-mode-check,Ensure that ECSTaskDeﬁnitions are conﬁgured to share a host's process name space with its Amazon Elastic Container Service (AmazonECS) containers. The rule is NON_COMPLIANT if the pid Mode parameter is set to 'host'.,unknown,unknown,unknown,"Elastic, Container, AmazonECS, Mode",
efs-in-backup-plan,Ensure that Amazon Elastic File System (Amazon EFS) ﬁle systems are added in the backup plans of AWS Backup. The rule is NON_COMPLIANT if EFS ﬁle systems are not included in the backup plans.,efs,efs,describe_file_systems,"Elastic, File, System, EFS, Backup",https://boto3.amazonaws.com/v1/documentation/api/latest/reference/services/efs.html#EFS.Client.describe_file_systems
efs-resources-protected-by-backup-plan,Ensure that Amazon Elastic File System (Amazon EFS)ﬁle systems are protected by a backup plan. The rule is NON_COMPLIANT if the EFS File System is not covered by a backup plan.,efs,efs,describe_file_systems,"Elastic, File, System, EFS",https://boto3.amazonaws.com/v1/documentation/api/latest/reference/services/efs.html#EFS.Client.describe_file_systems
eks-cluster-logging-enabled,Ensure that an Amazon Elastic Kubernetes Service (Amazon EKS) cluster is conﬁgured with logging enabled. The rule is NON_COMPLIANT if logging for Amazon EKS clusters is not enabled for alllog types.,eks,eks,describe_cluster,"Elastic, Kubernetes, EKS",https://boto3.amazonaws.com/v1/documentation/api/latest/reference/services/eks.html#EKS.Client.describe_cluster
eks-cluster-oldest-supported-version,Ensure that an Amazon Elastic Kubernetes Service (EKS) cluster is not running the oldest supported version. The rule is NON_COMPLIANT if an EKS cluster is running oldest supported version (equal to the parameter 'oldestVersionSupported').,eks,eks,describe_cluster,"Elastic, Kubernetes, EKS",https://boto3.amazonaws.com/v1/documentation/api/latest/reference/services/eks.html#EKS.Client.describe_cluster
eks-cluster-secrets-encrypted,Ensure that Amazon EKS clusters are not conﬁgured to have Kubernetes secrets encrypted using AWS KMS. The rule is NON_COMPLIANT if an EKS cluster does not have an encryptio nConﬁg resource or if encryptionConﬁg does not name secrets as a resource.,eks,eks,describe_cluster,"EKS, Kubernetes, KMS",https://boto3.amazonaws.com/v1/documentation/api/latest/reference/services/eks.html#EKS.Client.describe_cluster
eks-endpoint-no-public-access,Ensure that the Amazon Elastic Kubernetes Service (Amazon EKS) endpoint is not publicly accessible. The rule is NON_COMPLIANT if the endpoint is publicly accessible.,eks,eks,describe_cluster,"Elastic, Kubernetes, EKS",https://boto3.amazonaws.com/v1/documentation/api/latest/reference/services/eks.html#EKS.Client.describe_cluster
eks-secrets-encrypted,Ensure that Amazon Elastic Kubernetes Service clusters are conﬁgured to have Kubernetes secrets encrypted using AWS Key Management Service (KMS) keys.,eks,eks,describe_cluster,"Elastic, Kubernetes, Management, KMS",https://boto3.amazonaws.com/v1/documentation/api/latest/reference/services/eks.html#EKS.Client.describe_cluster
elastic-beanstalk-logs-to-cloudwatch,Ensure that AWS Elastic Beanstalk environments are conﬁgured to send logs to Amazon CloudWatch Logs. The rule is NON_COMPLIANT if the valueof `StreamLogs` is false.,elasticbeanstalk,elasticbeanstalk,describe_environment_health,"Elastic, Beanstalk, CloudWatch, Logs, StreamLogs",https://boto3.amazonaws.com/v1/documentation/api/latest/reference/services/elasticbeanstalk.html#ElasticBeanstalk.Client.describe_environment_health
elasticache-redis-cluster-automatic-backup-check,Check if the Amazon ElastiCache Redis clusters have automatic backup turned on. The rule is NON_COMPLIANT if the SnapshotRetentionLimit for Redis cluster is less than the SnapshotRetentionPeriod parameter. For example: If the parameter is 15 then the rule is non-compliant if the snapshotRetentionPeriod is between 0-15.,elasticache,elasticache,describe_cache_clusters,"Check, ElastiCache, Redis, SnapshotRetentionLimit, SnapshotRetentionPeriod, For",https://boto3.amazonaws.com/v1/documentation/api/latest/reference/services/elasticache.html#ElastiCache.Client.describe_cache_clusters
elb-acm-certiﬁcate-required,"Ensure that the Classic Load Balancers use SSL certiﬁcates provided by AWS Certiﬁcate Manager. To use this rule, use an SSL or HTTPS listener with your Classic Load Balancer. Note- this rule is only applicable to Classic Load Balancers. This rule does not check Applicati on Load Balancers and Network Load Balancers.",elb,elb,describe_load_balancers,"Classic, Load, Balancers, Balancer, Note, This, Applicati, Network",https://boto3.amazonaws.com/v1/documentation/api/latest/reference/services/elb.html#ELB.Client.describe_load_balancers
emr-block-public-access,"Ensure that an account with Amazon EMR has block public access settings enabled. The rule is NON_COMPLIANT if BlockPublicSecurityGroupRules is false, or if true, ports other than Port 22 are listed in Permitted PublicSecurityGroupRuleRanges.",emr,emr,describe_cluster,"EMR, BlockPublicSecurityGroupRules, Port, Permitted, PublicSecurityGroupRuleRanges",https://boto3.amazonaws.com/v1/documentation/api/latest/reference/services/emr.html#EMR.Client.describe_cluster
fsx-resources-protected-by-backup-plan,Ensure that Amazon FSx File Systems are protected by a backup plan. The rule is NON_COMPLIANT if the Amazon FSx File System is not covered by a backup plan.,fsx,fsx,describe_file_systems,"FSx, File, Systems, System",https://boto3.amazonaws.com/v1/documentation/api/latest/reference/services/fsx.html#FSx.Client.describe_file_systems
iam-policy-in-use,"Ensure that anIAM policy ARN is attached to an IAM user, or a group with one or more IAM users, or an IAM role with one or more trusted entity.",iam,iam,get_policy,"ARN, IAM",https://boto3.amazonaws.com/v1/documentation/api/latest/reference/services/iam.html#IAM.Client.get_policy
internet-gateway-authorized-vpc-only,Ensure that internet gateways are attached to an authorized virtual private cloud (Amazon VPC). The rule is NON_COMPLIANT if internet gateways are attached to an unauthorized VPC.,ec2,ec2,describe_internet_gateways,VPC,https://boto3.amazonaws.com/v1/documentation/api/latest/reference/services/ec2.html#EC2.Client.describe_internet_gateways
kinesis-stream-encrypted,Ensure that Amazon Kinesis streams are encrypted at rest with server-side encryption. The rule is NON_COMPLIANT for a Kinesis stream if 'StreamEncryption' is not present.,kinesis,kinesis,describe_stream_summary,"Kinesis, StreamEncryption",https://boto3.amazonaws.com/v1/documentation/api/latest/reference/services/kinesis.html#Kinesis.Client.describe_stream_summary
lambda-function-settings-check,"Ensure that the AWS Lambda function settings for runtime, role, timeout, and memory size match the expected values. The rule ignores functions with the 'Image' package type and functions with runtime set to 'OS-onlyRuntime'. The rule is NON_COMPLIANT if the Lambda function settings do not match the expected values.",lambda,lambda,get_function_configuration,"Lambda, Image",https://boto3.amazonaws.com/v1/documentation/api/latest/reference/services/lambda.html#Lambda.Client.get_function_configuration
macie-auto-sensitive-data-discovery-check,Ensure that automated sensitive data discovery is enabled for Amazon Macie. The rule is NON_COMPLIANT if automated sensitive data discovery is disabled. The rule is APPLICABLE for administr ator accounts and NOT_APPLICABLE for member accounts.,macie2,macie,get_macie_session,Macie,https://boto3.amazonaws.com/v1/documentation/api/latest/reference/services/macie.html#Macie.Client.get_macie_session
macie-status-check,Ensure that Amazon Macie is enabled in your account per region. The rule is NON_COMPLIANT if the 'status' attribute is not set to 'ENABLED'.,macie2,macie,get_macie_session,"Macie, ENABLED",https://boto3.amazonaws.com/v1/documentation/api/latest/reference/services/macie.html#Macie.Client.get_macie_session
mq-cloudwatch-audit-log-enabled,Ensure that an Amazon MQ broker has CloudWatch audit logging enabled. The rule is NON_COMPLIANT if the broker does not have audit logging enabled.,mq,mq,describe_broker,CloudWatch,https://boto3.amazonaws.com/v1/documentation/api/latest/reference/services/mq.html#MQ.Client.describe_broker
mq-cloudwatch-audit-logging-enabled,Ensure that Amazon MQ brokers have Amazon CloudWatch audit logging enabled. The rule is NON_COMPLIANT if a broker does not have audit logging enabled.,mq,mq,describe_broker,CloudWatch,https://boto3.amazonaws.com/v1/documentation/api/latest/reference/services/mq.html#MQ.Client.describe_broker
msk-in-cluster-node-require-tls,Ensure that an Amazon MSK cluster enforces encryption in transit using HTTPS (TLS) with the broker nodes of the cluster. The rule is NON_COMPLIANT if plain text communication is enabled for in- cluster broker node connections.,kafka,kafka,describe_cluster,MSK,https://boto3.amazonaws.com/v1/documentation/api/latest/reference/services/kafka.html#Kafka.Client.describe_cluster
multi-region-cloudtrail-enabled,"Note: for this rule, the rule identiﬁer (MULTI_REGION_CLOUD_TRAIL_ENABLED) and rule name (multi-region-clou dtrail-enabled) are diﬀerent. Ensure that there is at leastone multi-region AWS CloudTrail. The rule is NON_COMPLIANT if the trails do not match input parameters. The rule is NON_COMPLIANT if the ExcludeManagementEventSources ﬁeld is not empty or if AWS CloudTrail is conﬁgured to exclude management events such as AWS KMS events or Amazon RDS DataAPI events.",cloudtrail,cloudtrail,get_trail,"Note, MULTI_REGION_CLOUD_TRAIL_ENABLED, CloudTrail, ExcludeManagementEventSources, KMS, RDS, DataAPI",https://boto3.amazonaws.com/v1/documentation/api/latest/reference/services/cloudtrail.html#CloudTrail.Client.get_trail
nacl-no-unrestricted-ssh-rdp,Ensure that default ports for SSH/RDP ingress traﬃc for network access control lists (NACLs) are restricted. The rule is NON_COMPLIANT if a NACL inbound entry allowsa source TCP or UDP CIDR block for ports22 or 3389.,ec2,ec2,describe_network_acls,"SSH, RDP, NACLs, NACL, TCP, UDP, CIDR",https://boto3.amazonaws.com/v1/documentation/api/latest/reference/services/ec2.html#EC2.Client.describe_network_acls
neptune-cluster-backup-retention-check,Ensure that an Amazon NeptuneDB cluster retention period is set to speciﬁc number of days. The rule is NON_COMPLIANT if the retention period is less than the value speciﬁed by the parameter.,neptune,neptune,describe_db_clusters,NeptuneDB,https://boto3.amazonaws.com/v1/documentation/api/latest/reference/services/neptune.html#Neptune.Client.describe_db_clusters
neptune-cluster-cloudwatch-log-export-enabled,Ensure that an Amazon Neptune cluster has CloudWatch log export enabled for audit logs. The rule is NON_COMPLIANT if a Neptune cluster does not have CloudWatch log export enabled for audit logs.,neptune,neptune,describe_db_clusters,"Neptune, CloudWatch",https://boto3.amazonaws.com/v1/documentation/api/latest/reference/services/neptune.html#Neptune.Client.describe_db_clusters
neptune-cluster-encrypted,Ensure that storage encryption is enabled for your Amazon Neptune DB clusters. The rule is NON_COMPLIANT if storage encryption is not enabled.,neptune,neptune,describe_db_clusters,Neptune,https://boto3.amazonaws.com/v1/documentation/api/latest/reference/services/neptune.html#Neptune.Client.describe_db_clusters
neptune-cluster-iam-database-authentication,Ensure that an Amazon Neptune cluster has AWS Identity and Access Management (IAM) database authentication enabled. The rule is NON_COMPLIANT if an Amazon Neptune cluster does not have IAM database authentication enabled.,neptune,neptune,describe_db_clusters,"Neptune, Identity, Access, Management, IAM",https://boto3.amazonaws.com/v1/documentation/api/latest/reference/services/neptune.html#Neptune.Client.describe_db_clusters
neptune-cluster-snapshot-encrypted,Ensure that an Amazon Neptune DB cluster has snapshots encrypted. The rule is NON_COMPLIANT if a Neptune cluster does not have snapshots encrypted.,neptune,neptune,describe_db_clusters,Neptune,https://boto3.amazonaws.com/v1/documentation/api/latest/reference/services/neptune.html#Neptune.Client.describe_db_clusters
neptune-cluster-snapshot-public-prohibited,Ensure that an Amazon Neptune manual DB cluster snapshot is not public. The rule is NON_COMPLIANT if any existing and new Neptune cluster snapshot is public.,neptune,neptune,describe_db_clusters,Neptune,https://boto3.amazonaws.com/v1/documentation/api/latest/reference/services/neptune.html#Neptune.Client.describe_db_clusters
netfw-logging-enabled,Ensure that AWS Network Firewall ﬁrewalls have logging enabled. The rule is NON_COMPLIANT if a logging type is not conﬁgured. You can specify which logging type you want the rule to check.,network-firewall,network-firewall,describe_firewall,"Network, Firewall, You",https://boto3.amazonaws.com/v1/documentation/api/latest/reference/services/network-firewall.html#NetworkFirewall.Client.describe_firewall
netfw-policy-default-action-fragment-packets,Ensure that an AWS Network Firewall policy is conﬁgured with a user deﬁned stateless default action for fragmented packets. The rule is NON_COMPLIANT if stateless default action for fragmented packets does not match with user deﬁned default action.,network-firewall,network-firewall,describe_firewall,"Network, Firewall",https://boto3.amazonaws.com/v1/documentation/api/latest/reference/services/network-firewall.html#NetworkFirewall.Client.describe_firewall
netfw-policy-default-action-full-packets,Ensure that an AWS Network Firewall policy is conﬁgured with a user deﬁned default stateless action for full packets. This rule is NON_COMPLIANT if default stateless action for full packets does not match with user deﬁned default stateless action.,network-firewall,network-firewall,describe_firewall,"Network, Firewall, This",https://boto3.amazonaws.com/v1/documentation/api/latest/reference/services/network-firewall.html#NetworkFirewall.Client.describe_firewall
rds-cluster-iam-authentication-enabled,Ensure that an Amazon Relational Database Service (Amazon RDS) cluster has AWS Identity and Access Management (IAM) authentication enabled. The rule is NON_COMPLIANT if an Amazon RDS Cluster does not have IAM authentication enabled.,rds,rds,describe_db_instances,"Relational, Database, RDS, Identity, Access, Management, IAM, Cluster",https://boto3.amazonaws.com/v1/documentation/api/latest/reference/services/rds.html#RDS.Client.describe_db_instances
rds-db-security-group-not-allowed,Ensure that the Amazon Relational Database Service (Amazon RDS) DB security groups is the default one. The rule is NON_COMPLIANT if there are any DB security groups that are not the defaultDB security group.,rds,rds,describe_db_instances,"Relational, Database, RDS",https://boto3.amazonaws.com/v1/documentation/api/latest/reference/services/rds.html#RDS.Client.describe_db_instances
rds-in-backup-plan,Ensure that Amazon Relational Database Service (Amazon RDS) databases are present in AWS Backup plans. The rule is NON_COMPLIANT if Amazon RDS databases are not included in any AWS Backup plan.,rds,rds,describe_db_instances,"Relational, Database, RDS, Backup",https://boto3.amazonaws.com/v1/documentation/api/latest/reference/services/rds.html#RDS.Client.describe_db_instances
rds-instance-iam-authentication-enabled,Ensure that an Amazon Relational Database Service (Amazon RDS) instance has AWS Identity and Access Management (IAM) authentication enabled. The rule is NON_COMPLIANT if an Amazon RDS instance does not have IAM authentication enabled.,rds,rds,describe_db_instances,"Relational, Database, RDS, Identity, Access, Management, IAM",https://boto3.amazonaws.com/v1/documentation/api/latest/reference/services/rds.html#RDS.Client.describe_db_instances
rds-resources-protected-by-backup-plan,Ensure that Amazon Relational Database Service (Amazon RDS) instances are protected by a backup plan. The rule is NON_COMPLIANT if the Amazon RDS Database instance is not covered by a backup plan.,rds,rds,describe_db_instances,"Relational, Database, RDS",https://boto3.amazonaws.com/v1/documentation/api/latest/reference/services/rds.html#RDS.Client.describe_db_instances
redshift-backup-enabled,Ensure that Amazon Redshift automated snapshots are enabled for clusters. The rule is NON_COMPLIANT if the value for automated SnapshotRetentionP eriod is greater than MaxRetentionPeriod or less than MinRetentionPeriod or the value is 0.,redshift,redshift,describe_clusters,"Redshift, SnapshotRetentionP, MaxRetentionPeriod, MinRetentionPeriod",https://boto3.amazonaws.com/v1/documentation/api/latest/reference/services/redshift.html#Redshift.Client.describe_clusters
redshift-cluster-kms-enabled,Ensure that Amazon Redshift clusters are using a speciﬁed AWS Key Management Service (AWS KMS)key for encryption. The rule is COMPLIANT if encryption is enabled and the cluster is encrypted with the key provided in the kmsKeyArn parameter. The rule is NON_COMPLIANT if the cluster is not encrypted or encrypted with another key.,redshift,redshift,describe_clusters,"Redshift, Management, KMS",https://boto3.amazonaws.com/v1/documentation/api/latest/reference/services/redshift.html#Redshift.Client.describe_clusters
redshift-enhanced-vpc-routing-enabled,Ensure that Amazon Redshift clusters have 'enhancedVpcRouting' enabled. The rule is NON_COMPLIANT if 'enhancedVpcRouting' is not enabled or if the conﬁgura tion.enhancedVpcRo uting ﬁeld is 'false'.,redshift,redshift,describe_clusters,Redshift,https://boto3.amazonaws.com/v1/documentation/api/latest/reference/services/redshift.html#Redshift.Client.describe_clusters
restricted-ssh,"Note: For this rule, the rule identiﬁer (INCOMING_SSH_DISABLED) and rule name (restricted-ssh) are diﬀerent. Ensure that the incomingSSH traﬃc for the security groups is accessible. The rule is COMPLIANT if the IP addresses of the incoming SSH traﬃc in the security groups are restricted (CIDR other than 0.0.0.0/0 or ::/0). Otherwise, NON_COMPLIANT.",unknown,unknown,unknown,"Note, For, INCOMING_SSH_DISABLED, SSH, CIDR, Otherwise",
s3-access-point-public-access-blocks,Ensure that Amazon S3 access points have block public access settings enabled. The rule is NON_COMPLIANT if block public access settings are not enabled for S3 access points.,s3,s3,get_bucket_encryption,,https://boto3.amazonaws.com/v1/documentation/api/latest/reference/services/s3.html#S3.Client.get_bucket_encryption
s3-account-level-public-access-blocks,Ensure that the required public access block settings are conﬁgured from account level. The rule is only NON_COMPLIANT when the ﬁelds set below do not match the corresponding ﬁelds in the conﬁguration item.,s3,s3,get_bucket_encryption,,https://boto3.amazonaws.com/v1/documentation/api/latest/reference/services/s3.html#S3.Client.get_bucket_encryption
s3-bucket-blacklisted-actions-prohibited,"Ensure that an Amazon Simple Storage Service (Amazon S3) bucket policy does not allow blocklisted bucket-level and object-level actions on resources in the bucket for principals from other AWS accounts. For example, the rule checks that the Amazon S3 bucket policy does not allow another AWS account to perform any s3:GetBucket* actions and s3:DeleteObject on any object in the bucket. The rule is NON_COMPLIANT if any blocklisted actions are allowed by the Amazon S3 bucket policy.",s3,s3,get_bucket_encryption,"Simple, Storage, For, GetBucket, DeleteObject",https://boto3.amazonaws.com/v1/documentation/api/latest/reference/services/s3.html#S3.Client.get_bucket_encryption
s3-bucket-default-lock-enabled,"Ensure that the S3 bucket has lock enabled, by default. The rule is NON_COMPLIANT if the lock is not enabled.",s3,s3,get_bucket_encryption,,https://boto3.amazonaws.com/v1/documentation/api/latest/reference/services/s3.html#S3.Client.get_bucket_encryption
s3-bucket-mfa-delete-enabled,Ensure that MFA Delete is enabled in the Amazon Simple Storage Service (Amazon S3) bucket versioning conﬁgura tion. The rule is NON_COMPLIANT if MFA Delete is not enabled.,s3,s3,get_bucket_encryption,"MFA, Delete, Simple, Storage",https://boto3.amazonaws.com/v1/documentation/api/latest/reference/services/s3.html#S3.Client.get_bucket_encryption
s3-bucket-policy-not-more-permissive,Ensure that your Amazon Simple Storage Service (S3) bucket policies do not allow other inter- account permissions than the control Amazon S3 bucket policy that you provide.,s3,s3,get_bucket_encryption,"Simple, Storage",https://boto3.amazonaws.com/v1/documentation/api/latest/reference/services/s3.html#S3.Client.get_bucket_encryption
s3-bucket-versioning-enabled,"Ensure that versioning is enabled for yourS3 buckets. Optionally, the rule checks if MFA delete is enabled for your S3 buckets.",s3,s3,get_bucket_encryption,"Optionally, MFA",https://boto3.amazonaws.com/v1/documentation/api/latest/reference/services/s3.html#S3.Client.get_bucket_encryption
s3-resources-protected-by-backup-plan,Ensure that Amazon Simple Storage Service (Amazon S3) buckets are protected by a backup plan. The rule is NON_COMPLIANT if the Amazon S3 bucket is not covered by a backup plan.,s3,s3,get_bucket_encryption,"Simple, Storage",https://boto3.amazonaws.com/v1/documentation/api/latest/reference/services/s3.html#S3.Client.get_bucket_encryption
secretsmanager-scheduled-rotation-success-check,Ensure that AWS Secrets Manager secrets rotated successfully according to the rotation schedule. Secrets Manager calculates the date the rotation should happen. The rule is NON_COMPLIANT if the date passes and the secret isn't rotated.,secretsmanager,secretsmanager,describe_secret,Secrets,https://boto3.amazonaws.com/v1/documentation/api/latest/reference/services/secretsmanager.html#SecretsManager.Client.describe_secret
secretsmanager-secret-periodic-rotation,Ensure that AWS Secrets Manager secrets have been rotated in the past speciﬁed numberof days. The rule is NON_COMPLIANT if a secret has not been rotated for more than maxDaysSinceRotati on number of days. the default value is 90 days.,secretsmanager,secretsmanager,describe_secret,"Secrets, the default",https://boto3.amazonaws.com/v1/documentation/api/latest/reference/services/secretsmanager.html#SecretsManager.Client.describe_secret
secretsmanager-secret-unused,Ensure that AWS Secrets Manager secrets have been accessed within a speciﬁed numberof days. The rule is NON_COMPLIANT if a secret has not been accessed in 'unusedForDays' number of days. the default value is 90 days.,secretsmanager,secretsmanager,describe_secret,"Secrets, the default",https://boto3.amazonaws.com/v1/documentation/api/latest/reference/services/secretsmanager.html#SecretsManager.Client.describe_secret
security-account-information-provided,Ensure that you have provided security contact information for your AWS account contacts. The rule is NON_COMPLIANT if security contact information within the account is not provided.,unknown,unknown,unknown,,
service-catalog-shared-within-organization,Ensure that AWS Service Catalog shares portfolios to an organization (a collection of AWS accounts treated asa single unit) when integration is enabled with AWS Organizat ions. The rule is NON_COMPLIANT if the `Type` value of a share is `ACCOUNT`.,unknown,unknown,unknown,"Catalog, Organizat, ACCOUNT",
shield-drt-access,Ensure that the Shield Response Team (SRT) can access your AWS account. The rule is NON_COMPLIANT if AWS Shield Advanced is enabled but the role for SRT access is not conﬁgured.,shield,shield,describe_subscription,"Shield, Response, Team, SRT, Advanced",https://boto3.amazonaws.com/v1/documentation/api/latest/reference/services/shield.html#Shield.Client.describe_subscription
sns-topic-message-delivery-notiﬁcation-enabled,Ensure that Amazon Simple Notiﬁcation Service (SNS) logging is enabled for the delivery status of notiﬁcation messages sent to a topic for the endpoints. The rule is NON_COMPLIANT if the delivery status notiﬁcation for messages is not enabled.,sns,sns,get_topic_attributes,"Simple, SNS",https://boto3.amazonaws.com/v1/documentation/api/latest/reference/services/sns.html#SNS.Client.get_topic_attributes
step-functions-state-machine-logging-enabled,Ensure that AWS Step Functions machine has logging enabled. The rule is NON_COMPLIANT if a state machine does not have logging enabled or the logging conﬁguration is not at the minimum level provided.,stepfunctions,stepfunctions,describe_state_machine,"Step, Functions",https://boto3.amazonaws.com/v1/documentation/api/latest/reference/services/stepfunctions.html#StepFunctions.Client.describe_state_machine
transfer-family-server-no-ftp,Ensure that a server created with AWS Transfer Family does not use FTP for endpoint connection. The rule is NON_COMPLIANT if the server protocol for endpoint connection is FTP-enabled.,transfer,awstransfer,describe_server,"Transfer, Family, FTP",https://boto3.amazonaws.com/v1/documentation/api/latest/reference/services/awstransfer.html#Awstransfer.Client.describe_server
waf-classic-logging-enabled,"Ensure that logging is enabled on AWS WAF classic global web access control lists (web ACLs). The rule is NON_COMPLIANT for a global web ACL, if it does not have logging enabled.",waf,waf,get_logging_configuration,"WAF, ACLs, ACL",https://boto3.amazonaws.com/v1/documentation/api/latest/reference/services/waf.html#WAF.Client.get_logging_configuration
waf-global-rule-not-empty,Ensure that an AWS WAF global rule contains some conditions. The rule is NON_COMPLIANT if no conditions are present within the WAF global rule.,waf,waf,get_web_acl,WAF,https://boto3.amazonaws.com/v1/documentation/api/latest/reference/services/waf.html#WAF.Client.get_web_acl
waf-global-rulegroup-not-empty,Ensure that an AWS WAF Classic rule group contains some rules. The rule is NON_COMPLIANT if there are no rules present within a rule group.,waf,waf,get_web_acl,"WAF, Classic",https://boto3.amazonaws.com/v1/documentation/api/latest/reference/services/waf.html#WAF.Client.get_web_acl
waf-global-webacl-not-empty,Ensure that a WAF Global Web ACL contains someWAF rules or rule groups. This rule is NON_COMPLIANT if a Web ACL does not contain any WAF rule or rule group.,waf,waf,get_web_acl,"WAF, Global, Web, ACL, This",https://boto3.amazonaws.com/v1/documentation/api/latest/reference/services/waf.html#WAF.Client.get_web_acl
wafv2-rulegroup-logging-enabled,Ensure that Amazon CloudWatch security metrics collection on AWS WAFv2 rule groups is enabled. The rule is NON_COMPLIANT if the 'VisibilityConﬁg.CloudWatchMetricsEnabled' ﬁeld is set to false.,wafv2,wafv2,get_logging_configuration,"CloudWatch, WAFv2, CloudWatchMetricsEnabled",https://boto3.amazonaws.com/v1/documentation/api/latest/reference/services/wafv2.html#WAFV2.Client.get_logging_configuration
wafv2-rulegroup-not-empty,Ensure that WAFv2 Rule Groups contain rules. The rule is NON_COMPLIANT if there are no rules in a WAFv2 Rule Group.,wafv2,wafv2,get_logging_configuration,"WAFv2, Rule, Groups, Group",https://boto3.amazonaws.com/v1/documentation/api/latest/reference/services/wafv2.html#WAFV2.Client.get_logging_configuration
wafv2-webacl-not-empty,Ensure that a WAFv2Web ACL containsany WAF rules or WAF rule groups. This rule is NON_COMPLIANT if a Web ACL does not contain any WAF rules or WAF rule groups.,wafv2,wafv2,get_logging_configuration,"WAFv2Web, ACL, WAF, This, Web",https://boto3.amazonaws.com/v1/documentation/api/latest/reference/services/wafv2.html#WAFV2.Client.get_logging_configuration
