"id","config_rule","chunk","metadata"
"60c4ff80-fcc4-47f9-b6af-bce8c3c3cde7","access-keys-rotated","Config Rule: access-keys-rotated

Guidance: Ensure that active IAM access keys are rotated (changed) within the numberof days speciﬁed in maxAccess KeyAge. The rule is NON_COMPLIANT if access keys are not rotated within the speciﬁed time period. the default value is 90 days.","{""guidance"": ""Ensure that active IAM access keys are rotated (changed) within the numberof days speci\ufb01ed in maxAccess KeyAge. The rule is NON_COMPLIANT if access keys are not rotated within the speci\ufb01ed time period. the default value is 90 days."", ""service"": ""iam""}"
"7df3765d-01ac-4c33-aed7-f03bf0a33296","acm-certiﬁcate-rsa-check","Config Rule: acm-certiﬁcate-rsa-check

Guidance: Ensure that RSA certiﬁcates managed by AWS Certiﬁcate Manager (ACM) have a key length of at least '2048' bits.The rule is NON_COMPLIANT if the minimumkey length is less than 2048 bits.","{""guidance"": ""Ensure that RSA certi\ufb01cates managed by AWS Certi\ufb01cate Manager (ACM) have a key length of at least '2048' bits.The rule is NON_COMPLIANT if the minimumkey length is less than 2048 bits."", ""service"": ""acm""}"
"71e76bd5-a9b1-4a7a-a714-11b61c81ea64","acm-pca-root-ca-disabled","Config Rule: acm-pca-root-ca-disabled

Guidance: Ensure that AWS Private Certiﬁcate Authority (AWS Private CA) has a root CA that is disabled. The rule is NON_COMPLIANT for root CAs with status that is not DISABLED.","{""guidance"": ""Ensure that AWS Private Certi\ufb01cate Authority (AWS Private CA) has a root CA that is disabled. The rule is NON_COMPLIANT for root CAs with status that is not DISABLED."", ""service"": ""acm-pca""}"
"beea83fb-29ba-4d0c-818d-ca1f013b1ead","api-gw-cache-enabled-and-encrypted","Config Rule: api-gw-cache-enabled-and-encrypted

Guidance: Ensure that all methods in Amazon API Gateway stages have cache enabled and cache encrypted. The rule is NON_COMPLIANT if any method in an Amazon API Gateway stage is not conﬁgured to cache or the cache is not encrypted.","{""guidance"": ""Ensure that all methods in Amazon API Gateway stages have cache enabled and cache encrypted. The rule is NON_COMPLIANT if any method in an Amazon API Gateway stage is not con\ufb01gured to cache or the cache is not encrypted."", ""service"": ""apigateway""}"
"edd6bf88-9724-410b-8f32-a2f5dd0169ab","api-gw-endpoint-type-check","Config Rule: api-gw-endpoint-type-check

Guidance: Ensure that Amazon API Gateway APIs are of the type speciﬁed in the rule parameter 'endpointConﬁgurationType'. The rule returns NON_COMPLIANT if the REST API does not match the endpoint type conﬁgured in the rule parameter.","{""guidance"": ""Ensure that Amazon API Gateway APIs are of the type speci\ufb01ed in the rule parameter 'endpointCon\ufb01gurationType'. The rule returns NON_COMPLIANT if the REST API does not match the endpoint type con\ufb01gured in the rule parameter."", ""service"": ""apigateway""}"
"07a9e39a-7724-48fc-8b23-d9b440c026c6","api-gw-xray-enabled","Config Rule: api-gw-xray-enabled

Guidance: Ensure that AWS X-Ray tracing is enabled on Amazon API Gateway REST APIs. The rule is COMPLIANT if X-Ray tracing is enabled and NON_COMPLIANT otherwise.","{""guidance"": ""Ensure that AWS X-Ray tracing is enabled on Amazon API Gateway REST APIs. The rule is COMPLIANT if X-Ray tracing is enabled and NON_COMPLIANT otherwise."", ""service"": ""apigateway""}"
"087137bf-0154-4f23-94aa-3a39475b6a95","api-gwv2-access-logs-enabled","Config Rule: api-gwv2-access-logs-enabled

Guidance: Ensure that Amazon API Gateway V2 stages have access logging enabled. The rule is NON_COMPLIANT if 'accessLogSettings' is not present in Stage conﬁguration.","{""guidance"": ""Ensure that Amazon API Gateway V2 stages have access logging enabled. The rule is NON_COMPLIANT if 'accessLogSettings' is not present in Stage con\ufb01guration."", ""service"": ""apigatewayv2""}"
"aa175860-6b7b-4214-8a5b-1e09e4f3b420","appsync-associated-with-waf","Config Rule: appsync-associated-with-waf

Guidance: Ensure that AWS AppSync APIs are associated with AWS WAFv2 web access control lists (ACLs). The rule is NON_COMPLIANT for an AWS AppSync API if it is not associated with a web ACL.","{""guidance"": ""Ensure that AWS AppSync APIs are associated with AWS WAFv2 web access control lists (ACLs). The rule is NON_COMPLIANT for an AWS AppSync API if it is not associated with a web ACL."", ""service"": ""appsync""}"
"ccac6635-360f-463d-8905-4645ad5e5a66","appsync-logging-enabled","Config Rule: appsync-logging-enabled

Guidance: Ensure that an AWS AppSync API has logging enabled. The rule is NON_COMPLIANT if logging is not enabled, or 'ﬁeldLogLevel' is neither ERROR nor ALL.","{""guidance"": ""Ensure that an AWS AppSync API has logging enabled. The rule is NON_COMPLIANT if logging is not enabled, or '\ufb01eldLogLevel' is neither ERROR nor ALL."", ""service"": ""appsync""}"
"37a5b088-89c9-4b63-ad14-bcbbba1d88af","athena-workgroup-encrypted-at-rest","Config Rule: athena-workgroup-encrypted-at-rest

Guidance: Ensure that an Amazon Athena workgroup is encrypted at rest. The rule is NON_COMPLIANT if encryption of data at rest is not enabled for an Athena workgroup.","{""guidance"": ""Ensure that an Amazon Athena workgroup is encrypted at rest. The rule is NON_COMPLIANT if encryption of data at rest is not enabled for an Athena workgroup."", ""service"": ""athena""}"
"152b4c8d-85a4-49da-8993-d035a8b6295d","aurora-resources-protected-by-backup-plan","Config Rule: aurora-resources-protected-by-backup-plan

Guidance: Ensure that Amazon Aurora DB clusters are protected by a backup plan. The rule is NON_COMPLIANT if the Amazon Relational Database Service (Amazon RDS) Database Cluster is not protected by a backup plan.","{""guidance"": ""Ensure that Amazon Aurora DB clusters are protected by a backup plan. The rule is NON_COMPLIANT if the Amazon Relational Database Service (Amazon RDS) Database Cluster is not protected by a backup plan."", ""service"": ""rds""}"
"7400377d-fada-4f4a-9b8e-4438ca06e0d3","autoscaling-launchconﬁg-requires-imdsv2","Config Rule: autoscaling-launchconﬁg-requires-imdsv2

Guidance: Ensure that only IMDSv2 is enabled. This rule is NON_COMPLIANT if the Metadata version is not included in the launch conﬁguration or if both MetadataV1 and V2 are enabled.","{""guidance"": ""Ensure that only IMDSv2 is enabled. This rule is NON_COMPLIANT if the Metadata version is not included in the launch con\ufb01guration or if both MetadataV1 and V2 are enabled."", ""service"": ""autoscaling""}"
"64ccfda7-67a7-4cff-b183-4e9314edebb7","backup-recovery-point-manual-deletion-disabled","Config Rule: backup-recovery-point-manual-deletion-disabled

Guidance: Ensure that a backup vault has an attached resource-based policy which prevents deletion of recovery points. The rule is NON_COMPLIANT if the Backup Vault does not have resource- based policies or has policies withouta suitable 'Deny' statement (statement with backup:DeleteRecoveryPoint, backup:UpdateRecoveryPointLifecycle, and backup:PutBackupVaultAccess Policy permissions).","{""guidance"": ""Ensure that a backup vault has an attached resource-based policy which prevents deletion of recovery points. The rule is NON_COMPLIANT if the Backup Vault does not have resource- based policies or has policies withouta suitable 'Deny' statement (statement with backup:DeleteRecoveryPoint, backup:UpdateRecoveryPointLifecycle, and backup:PutBackupVaultAccess Policy permissions)."", ""service"": ""backup""}"
"a95bd8bc-4584-4715-b0ec-601def9b2952","cloudformation-stack-notiﬁcation-check","Config Rule: cloudformation-stack-notiﬁcation-check

Guidance: Ensure that your CloudFormation stacks send event notiﬁcations to an Amazon SNS topic. Optionally ensure that speciﬁed Amazon SNS topics are used. The rule is NON_COMPLIANT if CloudFormation stacks do not send notiﬁcations.","{""guidance"": ""Ensure that your CloudFormation stacks send event noti\ufb01cations to an Amazon SNS topic. Optionally ensure that speci\ufb01ed Amazon SNS topics are used. The rule is NON_COMPLIANT if CloudFormation stacks do not send noti\ufb01cations."", ""service"": ""cloudformation""}"
"1dba59fc-a7e8-4b05-b3f3-f357edc1aafc","cloudfront-accesslogs-enabled","Config Rule: cloudfront-accesslogs-enabled

Guidance: Ensure that Amazon CloudFront distributions are conﬁgured to deliver access logs to an Amazon S3 bucket. The rule is NON_COMPLIANT if a CloudFront distribution does not have logging conﬁgured.","{""guidance"": ""Ensure that Amazon CloudFront distributions are con\ufb01gured to deliver access logs to an Amazon S3 bucket. The rule is NON_COMPLIANT if a CloudFront distribution does not have logging con\ufb01gured."", ""service"": ""cloudfront""}"
"5ee3b822-8e51-4920-9284-53015ee91d42","cloudfront-associated-with-waf","Config Rule: cloudfront-associated-with-waf

Guidance: Ensure that Amazon CloudFront distributions are associated with either web application ﬁrewall (WAF) or WAFv2 web access control lists (ACLs). The rule is NON_COMPLIANT if a CloudFront distribution is not associated with a WAF web ACL.","{""guidance"": ""Ensure that Amazon CloudFront distributions are associated with either web application \ufb01rewall (WAF) or WAFv2 web access control lists (ACLs). The rule is NON_COMPLIANT if a CloudFront distribution is not associated with a WAF web ACL."", ""service"": ""cloudfront""}"
"135040ac-25d2-420d-9209-6c118ac014e8","cloudfront-custom-ssl-certiﬁcate","Config Rule: cloudfront-custom-ssl-certiﬁcate

Guidance: Ensure that the certiﬁcate associated with an Amazon CloudFront distribution is not the defaultSSL certiﬁcate. The rule is NON_COMPLIANT if a CloudFront distribution uses the default SSL certiﬁcate.","{""guidance"": ""Ensure that the certi\ufb01cate associated with an Amazon CloudFront distribution is not the defaultSSL certi\ufb01cate. The rule is NON_COMPLIANT if a CloudFront distribution uses the default SSL certi\ufb01cate."", ""service"": ""cloudfront""}"
"0ad9705f-d0ae-4032-afe5-74537fcbbdbb","cloudfront-no-deprecated-ssl-protocols","Config Rule: cloudfront-no-deprecated-ssl-protocols

Guidance: Ensure that CloudFront distributions are not using deprecated SSL protocols for HTTPS communication between CloudFront edge locations and custom origins. This rule is NON_COMPLIANT for a CloudFront distribution if any'OriginSslProtocols' includes'SSLv3'.","{""guidance"": ""Ensure that CloudFront distributions are not using deprecated SSL protocols for HTTPS communication between CloudFront edge locations and custom origins. This rule is NON_COMPLIANT for a CloudFront distribution if any'OriginSslProtocols' includes'SSLv3'."", ""service"": ""cloudfront""}"
"bad3a783-2346-473a-b665-9475c76aa9d5","cloudfront-origin-access-identity-enabled","Config Rule: cloudfront-origin-access-identity-enabled

Guidance: Ensure that CloudFront distribution with Amazon S3 Origin type has origin access identity (OAI) conﬁgured. The rule is NON_COMPLIANT if the CloudFront distribution is backed by S3 and any origin type is not OAI conﬁgured, or the origin is not an S3 bucket.","{""guidance"": ""Ensure that CloudFront distribution with Amazon S3 Origin type has origin access identity (OAI) con\ufb01gured. The rule is NON_COMPLIANT if the CloudFront distribution is backed by S3 and any origin type is not OAI con\ufb01gured, or the origin is not an S3 bucket."", ""service"": ""cloudfront""}"
"18e51987-c99e-446a-8b3f-b0c70d5773f0","cloudfront-s3-origin-access-control-enabled","Config Rule: cloudfront-s3-origin-access-control-enabled

Guidance: Ensure that an Amazon CloudFront distribution with an Amazon Simple Storage Service (Amazon S3) Origin type has origin access control (OAC) enabled. The rule is NON_COMPLIANT for CloudFront distributions with Amazon S3 origins that don't have OAC enabled.","{""guidance"": ""Ensure that an Amazon CloudFront distribution with an Amazon Simple Storage Service (Amazon S3) Origin type has origin access control (OAC) enabled. The rule is NON_COMPLIANT for CloudFront distributions with Amazon S3 origins that don't have OAC enabled."", ""service"": ""cloudfront""}"
"260df39a-3fda-4b68-a75f-b63fde5f35ef","cloudfront-security-policy-check","Config Rule: cloudfront-security-policy-check

Guidance: Ensure that Amazon CloudFront distributions are using a minimum security policy and cipher suite of TLSv1.2 or greater for viewer connections. This rule is NON_COMPLIANT for a CloudFront distribution if the minimumProtocolVersion is below TLSv1.2_2018.","{""guidance"": ""Ensure that Amazon CloudFront distributions are using a minimum security policy and cipher suite of TLSv1.2 or greater for viewer connections. This rule is NON_COMPLIANT for a CloudFront distribution if the minimumProtocolVersion is below TLSv1.2_2018."", ""service"": ""cloudfront""}"
"be23c9db-b6cd-43e4-88cb-8f40ff09b03c","cloudfront-sni-enabled","Config Rule: cloudfront-sni-enabled

Guidance: Ensure that Amazon CloudFront distributions are using a custom SSL certiﬁcate and are conﬁgured to use SNI to serve HTTPS requests. The rule is NON_COMPLIANT if a customSSL certiﬁcate is associated but the SSL support method is a dedicated IP address.","{""guidance"": ""Ensure that Amazon CloudFront distributions are using a custom SSL certi\ufb01cate and are con\ufb01gured to use SNI to serve HTTPS requests. The rule is NON_COMPLIANT if a customSSL certi\ufb01cate is associated but the SSL support method is a dedicated IP address."", ""service"": ""cloudfront""}"
"3867c2c5-1550-4628-8e00-9f4e913b4b88","cloudfront-traﬃc-to-origin-encrypted","Config Rule: cloudfront-traﬃc-to-origin-encrypted

Guidance: Ensure that Amazon CloudFront distributions are encrypting traﬃc to custom origins. The rule is NON_COMPLIANT if 'OriginProtocolPolicy' is 'http-only' or if 'OriginProtocolPolicy' is 'match-viewer' and 'ViewerProtocolPolicy' is 'allow-all'.","{""guidance"": ""Ensure that Amazon CloudFront distributions are encrypting tra\ufb03c to custom origins. The rule is NON_COMPLIANT if 'OriginProtocolPolicy' is 'http-only' or if 'OriginProtocolPolicy' is 'match-viewer' and 'ViewerProtocolPolicy' is 'allow-all'."", ""service"": ""cloudfront""}"
"458f74c7-4328-4290-9c51-47bbec4dce64","cloudfront-viewer-policy-https","Config Rule: cloudfront-viewer-policy-https

Guidance: Ensure that your Amazon CloudFront distributions use HTTPS (directly or via a redirection). The rule is NON_COMPLIANT if the value of ViewerProtocolPolicy is set to 'allow-all' for the DefaultCacheBehavior or for the CacheBehaviors.","{""guidance"": ""Ensure that your Amazon CloudFront distributions use HTTPS (directly or via a redirection). The rule is NON_COMPLIANT if the value of ViewerProtocolPolicy is set to 'allow-all' for the DefaultCacheBehavior or for the CacheBehaviors."", ""service"": ""cloudfront""}"
"5f174afc-6d35-444f-be57-a5974163eec2","cloudtrail-enabled","Config Rule: cloudtrail-enabled

Guidance: Note: For this rule, the rule identiﬁer (CLOUD_TRAIL_ENABLED) and rule name (cloudtrail- enabled) are diﬀerent. Ensure that an AWS CloudTrail trail is enabled in your AWS account. The rule is NON_COMPLIANT if a trail is not enabled. Optionally, the rule checks a speciﬁc S3 bucket, Amazon Simple Notiﬁcation Service (Amazon SNS) topic, and CloudWatch log group.","{""guidance"": ""Note: For this rule, the rule identi\ufb01er (CLOUD_TRAIL_ENABLED) and rule name (cloudtrail- enabled) are di\ufb00erent. Ensure that an AWS CloudTrail trail is enabled in your AWS account. The rule is NON_COMPLIANT if a trail is not enabled. Optionally, the rule checks a speci\ufb01c S3 bucket, Amazon Simple Noti\ufb01cation Service (Amazon SNS) topic, and CloudWatch log group."", ""service"": ""cloudtrail""}"
"8562555d-a903-443f-91e5-8659293c55d8","cloudtrail-security-trail-enabled","Config Rule: cloudtrail-security-trail-enabled

Guidance: Ensure that there is at least one AWS CloudTrail trail defined with security best practices. This rule is COMPLIANT if there is at least one trail that meets all of the following: records global service events, is a multi-region trail, has Log file validation enabled, encrypted with a KMS key, records events for reads and writes, records management events, does not exclude any management events.","{""guidance"": ""Ensure that there is at least one AWS CloudTrail trail defined with security best practices. This rule is COMPLIANT if there is at least one trail that meets all of the following: records global service events, is a multi-region trail, has Log file validation enabled, encrypted with a KMS key, records events for reads and writes, records management events, does not exclude any management events."", ""service"": ""cloudtrail""}"
"d904680d-9ad7-47ae-898a-2224c307743a","cloudwatch-alarm-action-check","Config Rule: cloudwatch-alarm-action-check

Guidance: Ensure that CloudWatch alarms have an action conﬁgured for the ALARM, INSUFFICIENT_DATA, or OK state. Optionally ensure that any actions match a named ARN. The rule is NON_COMPLIANT if there is no action speciﬁed for the alarm or optional parameter.","{""guidance"": ""Ensure that CloudWatch alarms have an action con\ufb01gured for the ALARM, INSUFFICIENT_DATA, or OK state. Optionally ensure that any actions match a named ARN. The rule is NON_COMPLIANT if there is no action speci\ufb01ed for the alarm or optional parameter."", ""service"": ""cloudwatch""}"
"b166f85c-8e38-40ab-acb8-93f2dc854437","cloudwatch-alarm-resource-check","Config Rule: cloudwatch-alarm-resource-check

Guidance: Ensure that a resource type has a CloudWatch alarm for the named metric. For resource type,you can specify EBS volumes, EC2 instances, Amazon RDS clusters, or S3 buckets. The rule is COMPLIANT if the named metric has a resource ID and CloudWatch alarm.","{""guidance"": ""Ensure that a resource type has a CloudWatch alarm for the named metric. For resource type,you can specify EBS volumes, EC2 instances, Amazon RDS clusters, or S3 buckets. The rule is COMPLIANT if the named metric has a resource ID and CloudWatch alarm."", ""service"": ""cloudwatch""}"
"4e1aeb95-1fba-4af0-9ded-b05ac93a0440","cloudwatch-alarm-settings-check","Config Rule: cloudwatch-alarm-settings-check

Guidance: Ensure that CloudWatch alarms with the given metric name have the speciﬁed settings.","{""guidance"": ""Ensure that CloudWatch alarms with the given metric name have the speci\ufb01ed settings."", ""service"": ""cloudwatch""}"
"1a386079-3f0f-4b11-b33a-31c02803fa2a","codebuild-project-artifact-encryption","Config Rule: codebuild-project-artifact-encryption

Guidance: Ensure that an AWS CodeBuild project has encryption enabled for all of its artifacts. The rule is NON_COMPLIANT if 'encryptionDisabled' is set to 'true' for any primary or secondary(if present) artifact conﬁgurations.","{""guidance"": ""Ensure that an AWS CodeBuild project has encryption enabled for all of its artifacts. The rule is NON_COMPLIANT if 'encryptionDisabled' is set to 'true' for any primary or secondary(if present) artifact con\ufb01gurations."", ""service"": ""codebuild""}"
"743f3027-6a79-45f9-af55-b84955b4a93d","codebuild-project-envvar-awscred-check","Config Rule: codebuild-project-envvar-awscred-check

Guidance: Ensure that the project DOES NOT contain environment variables AWS_ACCESS_KEY_ID and AWS_SECRET_ACCESS_KEY. The rule is NON_COMPLIANT when the project environment variables contains plaintext credentials.","{""guidance"": ""Ensure that the project DOES NOT contain environment variables AWS_ACCESS_KEY_ID and AWS_SECRET_ACCESS_KEY. The rule is NON_COMPLIANT when the project environment variables contains plaintext credentials."", ""service"": ""codebuild""}"
"5e192e61-919d-4455-8d31-7a73bb129a2a","codebuild-project-s3-logs-encrypted","Config Rule: codebuild-project-s3-logs-encrypted

Guidance: Ensure that an AWS CodeBuild project conﬁgured with Amazon S3 Logs has encryption enabled for its logs. The rule is NON_COMPLIANT if 'encryptionDisabled' is set to 'true' in a S3LogsConﬁg of a CodeBuild project.","{""guidance"": ""Ensure that an AWS CodeBuild project con\ufb01gured with Amazon S3 Logs has encryption enabled for its logs. The rule is NON_COMPLIANT if 'encryptionDisabled' is set to 'true' in a S3LogsCon\ufb01g of a CodeBuild project."", ""service"": ""codebuild""}"
"519a72ec-43be-48e2-8975-15fad1722dd0","codebuild-project-source-repo-url-check","Config Rule: codebuild-project-source-repo-url-check

Guidance: Ensure that the Bitbucket source repository URL DOES NOT contain sign-in credentials or not. The rule is NON_COMPLIANT if the URL contains any sign-in information and COMPLIANT if it doesn't.","{""guidance"": ""Ensure that the Bitbucket source repository URL DOES NOT contain sign-in credentials or not. The rule is NON_COMPLIANT if the URL contains any sign-in information and COMPLIANT if it doesn't."", ""service"": ""codebuild""}"
"262dec54-083c-41e0-91ba-9c2edadb806d","codedeploy-lambda-allatonce-traﬃc-shift-disabled","Config Rule: codedeploy-lambda-allatonce-traﬃc-shift-disabled

Guidance: Ensure that the deployment group for Lambda Compute Platform is not using the default deployment conﬁguration. The rule is NON_COMPLIANT if the deployment group is using the deployment conﬁguration 'CodeDeployDefault.LambdaAllAtOnce'.","{""guidance"": ""Ensure that the deployment group for Lambda Compute Platform is not using the default deployment con\ufb01guration. The rule is NON_COMPLIANT if the deployment group is using the deployment con\ufb01guration 'CodeDeployDefault.LambdaAllAtOnce'."", ""service"": ""codedeploy""}"
"19783243-8241-4089-ba38-a0f5929ab7bd","codepipeline-deployment-count-check","Config Rule: codepipeline-deployment-count-check

Guidance: Ensure that the ﬁrst deployment stage of AWS CodePipeline performs at least one deployment. This is to monitor continuous deployment activity, ensuring regular updates and identifying inactive or underutilized pipelines, which can signal issues in the development or deployment process. Optionally ensure that eachof the subsequent remaining stages deploy to more than the speciﬁed numberof deployments (deploymentLimit).","{""guidance"": ""Ensure that the \ufb01rst deployment stage of AWS CodePipeline performs at least one deployment. This is to monitor continuous deployment activity, ensuring regular updates and identifying inactive or underutilized pipelines, which can signal issues in the development or deployment process. Optionally ensure that eachof the subsequent remaining stages deploy to more than the speci\ufb01ed numberof deployments (deploymentLimit)."", ""service"": ""codepipeline""}"
"c75e9d6e-79f6-41f1-a460-4fe45db47211","cw-loggroup-retention-period-check","Config Rule: cw-loggroup-retention-period-check

Guidance: Ensure that an Amazon CloudWatch LogGroup retention period is set to greater than 365 days or else a speciﬁed retention period. The rule is NON_COMPLIANT if the retention period is less than MinRetentionTime, if speciﬁed, or else 365 days.","{""guidance"": ""Ensure that an Amazon CloudWatch LogGroup retention period is set to greater than 365 days or else a speci\ufb01ed retention period. The rule is NON_COMPLIANT if the retention period is less than MinRetentionTime, if speci\ufb01ed, or else 365 days."", ""service"": ""cloudwatch-logs""}"
"399cd96f-d808-4fc6-b90b-3d5780e50eb9","dax-encryption-enabled","Config Rule: dax-encryption-enabled

Guidance: Ensure that Amazon DynamoDB Accelerat or (DAX) clusters are encrypted. The rule is NON_COMPLIANT if a DAX cluster is not encrypted.","{""guidance"": ""Ensure that Amazon DynamoDB Accelerat or (DAX) clusters are encrypted. The rule is NON_COMPLIANT if a DAX cluster is not encrypted."", ""service"": ""dax""}"
"4003bc18-3765-4104-99ba-095ef57ba0bb","dax-tls-endpoint-encryption","Config Rule: dax-tls-endpoint-encryption

Guidance: Ensure that your Amazon DynamoDB Accelerator (DAX) cluster has ClusterEndpointEncryptionType set to TLS. The rule is NON_COMPLIANT if a DAX cluster is not encrypted by transport layer security (TLS).","{""guidance"": ""Ensure that your Amazon DynamoDB Accelerator (DAX) cluster has ClusterEndpointEncryptionType set to TLS. The rule is NON_COMPLIANT if a DAX cluster is not encrypted by transport layer security (TLS)."", ""service"": ""dax""}"
"be340324-6124-47ca-9b8b-760632ccf335","db-instance-backup-enabled","Config Rule: db-instance-backup-enabled

Guidance: Ensure that RDSDB instances have backups enabled. Optionally, the rule checks the backup retention period and the backup window.","{""guidance"": ""Ensure that RDSDB instances have backups enabled. Optionally, the rule checks the backup retention period and the backup window."", ""service"": ""unknown""}"
"b40df7d0-1b8e-4ec1-9172-e91154a22f55","dms-endpoint-ssl-conﬁgured","Config Rule: dms-endpoint-ssl-conﬁgured

Guidance: Ensure that AWS Database Migration Service (AWS DMS) endpoints are conﬁgured with anSSL connection. The rule is NON_COMPLIANT if AWS DMS does not have an SSL connection conﬁgured.","{""guidance"": ""Ensure that AWS Database Migration Service (AWS DMS) endpoints are con\ufb01gured with anSSL connection. The rule is NON_COMPLIANT if AWS DMS does not have an SSL connection con\ufb01gured."", ""service"": ""dms""}"
"157b9665-1f6c-43aa-bced-5e3562100436","dms-redis-tls-enabled","Config Rule: dms-redis-tls-enabled

Guidance: Ensure that AWS Database Migration Service (AWS DMS) endpoints for Redis data stores are enabled for TLS/SSL encryption of data communicated with other endpoints. The rule is NON_COMPLIANT if TLS/SSL encryption is not enabled.","{""guidance"": ""Ensure that AWS Database Migration Service (AWS DMS) endpoints for Redis data stores are enabled for TLS/SSL encryption of data communicated with other endpoints. The rule is NON_COMPLIANT if TLS/SSL encryption is not enabled."", ""service"": ""dms""}"
"9fbb7cb2-a3c3-4d4a-ac11-a3a1fedbf442","docdb-cluster-encrypted","Config Rule: docdb-cluster-encrypted

Guidance: Ensure that storage encryption is enabled for your Amazon DocumentDB (with MongoDB compatibi lity) clusters. The rule is NON_COMPLIANT if storage encryption is not enabled.","{""guidance"": ""Ensure that storage encryption is enabled for your Amazon DocumentDB (with MongoDB compatibi lity) clusters. The rule is NON_COMPLIANT if storage encryption is not enabled."", ""service"": ""docdb""}"
"13965515-6905-4b00-9204-5a3741c7e9b6","docdb-cluster-snapshot-public-prohibited","Config Rule: docdb-cluster-snapshot-public-prohibited

Guidance: Ensure that Amazon DocumentDB manual cluster snapshots are not public. The rule is NON_COMPLIANT if any Amazon DocumentDB manual cluster snapshots are public.","{""guidance"": ""Ensure that Amazon DocumentDB manual cluster snapshots are not public. The rule is NON_COMPLIANT if any Amazon DocumentDB manual cluster snapshots are public."", ""service"": ""docdb""}"
"26dabbb6-ba6d-4eda-8183-9cd6a31073b6","dynamodb-in-backup-plan","Config Rule: dynamodb-in-backup-plan

Guidance: Ensure that Amazon DynamoDB tables are present in AWS Backup Plans. The rule is NON_COMPLIANT if Amazon DynamoDB tables are not present in any AWS Backup plan.","{""guidance"": ""Ensure that Amazon DynamoDB tables are present in AWS Backup Plans. The rule is NON_COMPLIANT if Amazon DynamoDB tables are not present in any AWS Backup plan."", ""service"": ""dynamodb""}"
"e775132f-e499-44fa-a543-383a3f9047fc","dynamodb-pitr-enabled","Config Rule: dynamodb-pitr-enabled

Guidance: Ensure that point- in-time recovery (PITR) is enabled for Amazon DynamoDB tables. The rule is NON_COMPLIANT if PITR is not enabled for DynamoDB tables.","{""guidance"": ""Ensure that point- in-time recovery (PITR) is enabled for Amazon DynamoDB tables. The rule is NON_COMPLIANT if PITR is not enabled for DynamoDB tables."", ""service"": ""dynamodb""}"
"1340f4a8-e7fd-46f0-b79e-62dc5ff572cc","dynamodb-resources-protected-by-backup-plan","Config Rule: dynamodb-resources-protected-by-backup-plan

Guidance: Ensure that Amazon DynamoDB tables are protected by a backup plan. The rule is NON_COMPLIANT if the DynamoDB Table is not covered by a backup plan.","{""guidance"": ""Ensure that Amazon DynamoDB tables are protected by a backup plan. The rule is NON_COMPLIANT if the DynamoDB Table is not covered by a backup plan."", ""service"": ""dynamodb""}"
"05f91ea1-d643-4d63-bb05-30fbe02291d0","dynamodb-table-encrypted-kms","Config Rule: dynamodb-table-encrypted-kms

Guidance: Ensure that Amazon DynamoDB table is encrypted with AWS Key Management Service (KMS). The rule is NON_COMPLIANT if Amazon DynamoDB table is not encrypted with AWS KMS. The rule is also NON_COMPLIANT if the encrypted AWS KMS key is not present in kmsKeyArns input parameter.","{""guidance"": ""Ensure that Amazon DynamoDB table is encrypted with AWS Key Management Service (KMS). The rule is NON_COMPLIANT if Amazon DynamoDB table is not encrypted with AWS KMS. The rule is also NON_COMPLIANT if the encrypted AWS KMS key is not present in kmsKeyArns input parameter."", ""service"": ""dynamodb""}"
"e49dacad-d16b-49ae-891f-4f256ba45d8a","dynamodb-table-encryption-enabled","Config Rule: dynamodb-table-encryption-enabled

Guidance: Ensure that the Amazon DynamoDB tables are encrypted and checks their status. The rule is COMPLIANT if the status is enabled or enabling.","{""guidance"": ""Ensure that the Amazon DynamoDB tables are encrypted and checks their status. The rule is COMPLIANT if the status is enabled or enabling."", ""service"": ""dynamodb""}"
"f04c1d9b-2fd6-4b74-95bf-656859bf6a53","ebs-in-backup-plan","Config Rule: ebs-in-backup-plan

Guidance: Ensure that Amazon Elastic Block Store (Amazon EBS) volumes are added in backup plans of AWS Backup. The rule is NON_COMPLIANT if Amazon EBS volumes are not included in backup plans.","{""guidance"": ""Ensure that Amazon Elastic Block Store (Amazon EBS) volumes are added in backup plans of AWS Backup. The rule is NON_COMPLIANT if Amazon EBS volumes are not included in backup plans."", ""service"": ""ec2""}"
"68f76e2d-e4f1-4a28-af6e-77b45b1bcc99","ebs-resources-protected-by-backup-plan","Config Rule: ebs-resources-protected-by-backup-plan

Guidance: Ensure that Amazon Elastic Block Store (Amazon EBS) volumes are protected by a backup plan. The rule is NON_COMPLIANT if the Amazon EBS volume is not covered by a backup plan.","{""guidance"": ""Ensure that Amazon Elastic Block Store (Amazon EBS) volumes are protected by a backup plan. The rule is NON_COMPLIANT if the Amazon EBS volume is not covered by a backup plan."", ""service"": ""ec2""}"
"2872a128-5285-47ac-8be5-d0a4c7548d0d","ec2-client-vpn-not-authorize-all","Config Rule: ec2-client-vpn-not-authorize-all

Guidance: Ensure that the AWS Client VPN authorization rules does not authorize connection access for all clients. The rule is NON_COMPLIANT if 'AccessAll' is present and set to true.","{""guidance"": ""Ensure that the AWS Client VPN authorization rules does not authorize connection access for all clients. The rule is NON_COMPLIANT if 'AccessAll' is present and set to true."", ""service"": ""ec2""}"
"9ff43492-234b-43f6-b2cb-9d02fe81afab","ec2-imdsv2-check","Config Rule: ec2-imdsv2-check

Guidance: Ensure that your Amazon Elastic Compute Cloud (Amazon EC2) instance metadata version is conﬁgured with Instance Metadata Service Version 2 (IMDSv2). The rule is NON_COMPLIANT if the HttpTokens is set to optional.","{""guidance"": ""Ensure that your Amazon Elastic Compute Cloud (Amazon EC2) instance metadata version is con\ufb01gured with Instance Metadata Service Version 2 (IMDSv2). The rule is NON_COMPLIANT if the HttpTokens is set to optional."", ""service"": ""ec2""}"
"3b337d32-686b-4d77-99c3-2c1e4b030765","ec2-instance-detailed-monitoring-enabled","Config Rule: ec2-instance-detailed-monitoring-enabled

Guidance: Ensure that detailed monitoring is enabled for EC2 instances. The rule is NON_COMPLIANT if detailed monitoring is not enabled.","{""guidance"": ""Ensure that detailed monitoring is enabled for EC2 instances. The rule is NON_COMPLIANT if detailed monitoring is not enabled."", ""service"": ""ec2""}"
"1b6a71d5-ef9a-484a-adbd-5092cb15f416","ec2-instance-proﬁle-attached","Config Rule: ec2-instance-proﬁle-attached

Guidance: Ensure that an EC2 instance has an AWS Identity and Access Management (IAM) proﬁle attached to it. The rule is NON_COMPLIANT if no IAM proﬁle is attached to the EC2 instance.","{""guidance"": ""Ensure that an EC2 instance has an AWS Identity and Access Management (IAM) pro\ufb01le attached to it. The rule is NON_COMPLIANT if no IAM pro\ufb01le is attached to the EC2 instance."", ""service"": ""ec2""}"
"2c551939-6af3-4556-bd4b-5c4306203e1b","ec2-launch-template-public-ip-disabled","Config Rule: ec2-launch-template-public-ip-disabled

Guidance: Ensure that Amazon EC2 Launch Templates are not set to assign public IP addresses to Network Interfaces. The rule is NON_COMPLIANT if the default version of an EC2 Launch Template has at least 1 Network Interface with 'AssociatePublicIpAddress' set to 'true'.","{""guidance"": ""Ensure that Amazon EC2 Launch Templates are not set to assign public IP addresses to Network Interfaces. The rule is NON_COMPLIANT if the default version of an EC2 Launch Template has at least 1 Network Interface with 'AssociatePublicIpAddress' set to 'true'."", ""service"": ""ec2""}"
"1abb3c49-dbfa-4805-afa7-14e36679a4b3","ec2-no-amazon-key-pair","Config Rule: ec2-no-amazon-key-pair

Guidance: Ensure that running Amazon Elastic Compute Cloud (EC2) instances are not launched using amazon key pairs. The rule is NON_COMPLIANT if a running EC2 instance is launched with a key pair.","{""guidance"": ""Ensure that running Amazon Elastic Compute Cloud (EC2) instances are not launched using amazon key pairs. The rule is NON_COMPLIANT if a running EC2 instance is launched with a key pair."", ""service"": ""ec2""}"
"303fce34-8fa4-4d20-90dd-96d025fc1885","ec2-resources-protected-by-backup-plan","Config Rule: ec2-resources-protected-by-backup-plan

Guidance: Ensure that Amazon Elastic Compute Cloud (Amazon EC2) instances are protected by a backup plan. The rule is NON_COMPLIANT if the Amazon EC2 instance is not covered by a backup plan.","{""guidance"": ""Ensure that Amazon Elastic Compute Cloud (Amazon EC2) instances are protected by a backup plan. The rule is NON_COMPLIANT if the Amazon EC2 instance is not covered by a backup plan."", ""service"": ""ec2""}"
"5cb5b200-2d28-4f01-b2ea-10799fbf892b","ec2-transit-gateway-auto-vpc-attach-disabled","Config Rule: ec2-transit-gateway-auto-vpc-attach-disabled

Guidance: Ensure that Amazon Elastic Compute Cloud (Amazon EC2) Transit Gateways do not have 'AutoAcceptSharedAttachments' enabled. The rule is NON_COMPLIANT for a Transit Gateway if 'AutoAcceptSharedAttachments' is set to 'enable'.","{""guidance"": ""Ensure that Amazon Elastic Compute Cloud (Amazon EC2) Transit Gateways do not have 'AutoAcceptSharedAttachments' enabled. The rule is NON_COMPLIANT for a Transit Gateway if 'AutoAcceptSharedAttachments' is set to 'enable'."", ""service"": ""ec2""}"
"3389abbb-d5f2-4200-9056-b189a8fc09e0","ec2-volume-inuse-check","Config Rule: ec2-volume-inuse-check

Guidance: Ensure that EBS volumes are attached to EC2 instances. Optionally ensure that EBS volumes are marked for deletion when an instance is terminated.","{""guidance"": ""Ensure that EBS volumes are attached to EC2 instances. Optionally ensure that EBS volumes are marked for deletion when an instance is terminated."", ""service"": ""ec2""}"
"b17da44f-55c3-4749-8c77-c56900c24428","ecr-private-lifecycle-policy-conﬁgured","Config Rule: ecr-private-lifecycle-policy-conﬁgured

Guidance: Ensure that a private Amazon Elastic Container Registry (ECR) repository has at least one lifecycle policy conﬁgured. The rule is NON_COMPLIANT if no lifecycle policy is conﬁgured for the ECR private repository.","{""guidance"": ""Ensure that a private Amazon Elastic Container Registry (ECR) repository has at least one lifecycle policy con\ufb01gured. The rule is NON_COMPLIANT if no lifecycle policy is con\ufb01gured for the ECR private repository."", ""service"": ""unknown""}"
"45dbdb7f-9fb2-41dc-a246-19ac70541b70","ecs-task-deﬁnition-log-conﬁguration","Config Rule: ecs-task-deﬁnition-log-conﬁguration

Guidance: Ensure that logConﬁguration is set on active ECS Task Deﬁnitions. This rule is NON_COMPLIANT if an active ECSTaskDeﬁnition does not have the logConﬁguration resource deﬁned or the value for logConﬁguration is null in at least one container deﬁnition.","{""guidance"": ""Ensure that logCon\ufb01guration is set on active ECS Task De\ufb01nitions. This rule is NON_COMPLIANT if an active ECSTaskDe\ufb01nition does not have the logCon\ufb01guration resource de\ufb01ned or the value for logCon\ufb01guration is null in at least one container de\ufb01nition."", ""service"": ""unknown""}"
"6464fbdd-64d7-4498-87ac-716d5ac9ef3c","ecs-task-deﬁnition-pid-mode-check","Config Rule: ecs-task-deﬁnition-pid-mode-check

Guidance: Ensure that ECSTaskDeﬁnitions are conﬁgured to share a host's process name space with its Amazon Elastic Container Service (AmazonECS) containers. The rule is NON_COMPLIANT if the pid Mode parameter is set to 'host'.","{""guidance"": ""Ensure that ECSTaskDe\ufb01nitions are con\ufb01gured to share a host's process name space with its Amazon Elastic Container Service (AmazonECS) containers. The rule is NON_COMPLIANT if the pid Mode parameter is set to 'host'."", ""service"": ""unknown""}"
"a33ab5b4-df8c-4590-8da9-eaf039b1312a","efs-in-backup-plan","Config Rule: efs-in-backup-plan

Guidance: Ensure that Amazon Elastic File System (Amazon EFS) ﬁle systems are added in the backup plans of AWS Backup. The rule is NON_COMPLIANT if EFS ﬁle systems are not included in the backup plans.","{""guidance"": ""Ensure that Amazon Elastic File System (Amazon EFS) \ufb01le systems are added in the backup plans of AWS Backup. The rule is NON_COMPLIANT if EFS \ufb01le systems are not included in the backup plans."", ""service"": ""efs""}"
"af83df10-2cbc-4bc3-a862-e2b644e4f26f","efs-resources-protected-by-backup-plan","Config Rule: efs-resources-protected-by-backup-plan

Guidance: Ensure that Amazon Elastic File System (Amazon EFS)ﬁle systems are protected by a backup plan. The rule is NON_COMPLIANT if the EFS File System is not covered by a backup plan.","{""guidance"": ""Ensure that Amazon Elastic File System (Amazon EFS)\ufb01le systems are protected by a backup plan. The rule is NON_COMPLIANT if the EFS File System is not covered by a backup plan."", ""service"": ""efs""}"
"16a22b96-1364-43e6-b7cc-f877850855e2","eks-cluster-logging-enabled","Config Rule: eks-cluster-logging-enabled

Guidance: Ensure that an Amazon Elastic Kubernetes Service (Amazon EKS) cluster is conﬁgured with logging enabled. The rule is NON_COMPLIANT if logging for Amazon EKS clusters is not enabled for alllog types.","{""guidance"": ""Ensure that an Amazon Elastic Kubernetes Service (Amazon EKS) cluster is con\ufb01gured with logging enabled. The rule is NON_COMPLIANT if logging for Amazon EKS clusters is not enabled for alllog types."", ""service"": ""eks""}"
"dfee218c-56f6-43e5-acfe-1f80abad126f","eks-cluster-oldest-supported-version","Config Rule: eks-cluster-oldest-supported-version

Guidance: Ensure that an Amazon Elastic Kubernetes Service (EKS) cluster is not running the oldest supported version. The rule is NON_COMPLIANT if an EKS cluster is running oldest supported version (equal to the parameter 'oldestVersionSupported').","{""guidance"": ""Ensure that an Amazon Elastic Kubernetes Service (EKS) cluster is not running the oldest supported version. The rule is NON_COMPLIANT if an EKS cluster is running oldest supported version (equal to the parameter 'oldestVersionSupported')."", ""service"": ""eks""}"
"0f8c7f06-6795-43a1-8f6f-ed2acf1587cf","eks-cluster-secrets-encrypted","Config Rule: eks-cluster-secrets-encrypted

Guidance: Ensure that Amazon EKS clusters are not conﬁgured to have Kubernetes secrets encrypted using AWS KMS. The rule is NON_COMPLIANT if an EKS cluster does not have an encryptio nConﬁg resource or if encryptionConﬁg does not name secrets as a resource.","{""guidance"": ""Ensure that Amazon EKS clusters are not con\ufb01gured to have Kubernetes secrets encrypted using AWS KMS. The rule is NON_COMPLIANT if an EKS cluster does not have an encryptio nCon\ufb01g resource or if encryptionCon\ufb01g does not name secrets as a resource."", ""service"": ""eks""}"
"ab1c65db-e8da-4ff8-8da3-7aaa758a0a07","eks-endpoint-no-public-access","Config Rule: eks-endpoint-no-public-access

Guidance: Ensure that the Amazon Elastic Kubernetes Service (Amazon EKS) endpoint is not publicly accessible. The rule is NON_COMPLIANT if the endpoint is publicly accessible.","{""guidance"": ""Ensure that the Amazon Elastic Kubernetes Service (Amazon EKS) endpoint is not publicly accessible. The rule is NON_COMPLIANT if the endpoint is publicly accessible."", ""service"": ""eks""}"
"8cea5d1a-cd84-4d1d-9224-ad1fee5b4bb5","eks-secrets-encrypted","Config Rule: eks-secrets-encrypted

Guidance: Ensure that Amazon Elastic Kubernetes Service clusters are conﬁgured to have Kubernetes secrets encrypted using AWS Key Management Service (KMS) keys.","{""guidance"": ""Ensure that Amazon Elastic Kubernetes Service clusters are con\ufb01gured to have Kubernetes secrets encrypted using AWS Key Management Service (KMS) keys."", ""service"": ""eks""}"
"def9ab5b-8153-4fb2-a370-7670dd2fe895","elastic-beanstalk-logs-to-cloudwatch","Config Rule: elastic-beanstalk-logs-to-cloudwatch

Guidance: Ensure that AWS Elastic Beanstalk environments are conﬁgured to send logs to Amazon CloudWatch Logs. The rule is NON_COMPLIANT if the valueof `StreamLogs` is false.","{""guidance"": ""Ensure that AWS Elastic Beanstalk environments are con\ufb01gured to send logs to Amazon CloudWatch Logs. The rule is NON_COMPLIANT if the valueof `StreamLogs` is false."", ""service"": ""elasticbeanstalk""}"
"213952ba-7af4-49de-bb22-3ad0d8abdf37","elasticache-redis-cluster-automatic-backup-check","Config Rule: elasticache-redis-cluster-automatic-backup-check

Guidance: Check if the Amazon ElastiCache Redis clusters have automatic backup turned on. The rule is NON_COMPLIANT if the SnapshotRetentionLimit for Redis cluster is less than the SnapshotRetentionPeriod parameter. For example: If the parameter is 15 then the rule is non-compliant if the snapshotRetentionPeriod is between 0-15.","{""guidance"": ""Check if the Amazon ElastiCache Redis clusters have automatic backup turned on. The rule is NON_COMPLIANT if the SnapshotRetentionLimit for Redis cluster is less than the SnapshotRetentionPeriod parameter. For example: If the parameter is 15 then the rule is non-compliant if the snapshotRetentionPeriod is between 0-15."", ""service"": ""elasticache""}"
"2ff2f530-effd-46ca-9335-d9eed7ce6567","elb-acm-certiﬁcate-required","Config Rule: elb-acm-certiﬁcate-required

Guidance: Ensure that the Classic Load Balancers use SSL certiﬁcates provided by AWS Certiﬁcate Manager. To use this rule, use an SSL or HTTPS listener with your Classic Load Balancer. Note- this rule is only applicable to Classic Load Balancers. This rule does not check Applicati on Load Balancers and Network Load Balancers.","{""guidance"": ""Ensure that the Classic Load Balancers use SSL certi\ufb01cates provided by AWS Certi\ufb01cate Manager. To use this rule, use an SSL or HTTPS listener with your Classic Load Balancer. Note- this rule is only applicable to Classic Load Balancers. This rule does not check Applicati on Load Balancers and Network Load Balancers."", ""service"": ""elb""}"
"a35163f8-d3f2-43e6-9b65-6411762bfbc8","emr-block-public-access","Config Rule: emr-block-public-access

Guidance: Ensure that an account with Amazon EMR has block public access settings enabled. The rule is NON_COMPLIANT if BlockPublicSecurityGroupRules is false, or if true, ports other than Port 22 are listed in Permitted PublicSecurityGroupRuleRanges.","{""guidance"": ""Ensure that an account with Amazon EMR has block public access settings enabled. The rule is NON_COMPLIANT if BlockPublicSecurityGroupRules is false, or if true, ports other than Port 22 are listed in Permitted PublicSecurityGroupRuleRanges."", ""service"": ""emr""}"
"5b143649-77f3-4fa6-837d-f0125af7cbfa","fsx-resources-protected-by-backup-plan","Config Rule: fsx-resources-protected-by-backup-plan

Guidance: Ensure that Amazon FSx File Systems are protected by a backup plan. The rule is NON_COMPLIANT if the Amazon FSx File System is not covered by a backup plan.","{""guidance"": ""Ensure that Amazon FSx File Systems are protected by a backup plan. The rule is NON_COMPLIANT if the Amazon FSx File System is not covered by a backup plan."", ""service"": ""fsx""}"
"6d9e9f74-a9b2-4319-bdfa-4769016c75fd","iam-policy-in-use","Config Rule: iam-policy-in-use

Guidance: Ensure that anIAM policy ARN is attached to an IAM user, or a group with one or more IAM users, or an IAM role with one or more trusted entity.","{""guidance"": ""Ensure that anIAM policy ARN is attached to an IAM user, or a group with one or more IAM users, or an IAM role with one or more trusted entity."", ""service"": ""iam""}"
"46950e78-425f-4b73-b4f9-cf27fb878efa","internet-gateway-authorized-vpc-only","Config Rule: internet-gateway-authorized-vpc-only

Guidance: Ensure that internet gateways are attached to an authorized virtual private cloud (Amazon VPC). The rule is NON_COMPLIANT if internet gateways are attached to an unauthorized VPC.","{""guidance"": ""Ensure that internet gateways are attached to an authorized virtual private cloud (Amazon VPC). The rule is NON_COMPLIANT if internet gateways are attached to an unauthorized VPC."", ""service"": ""ec2""}"
"cc137530-4932-4714-bbe2-8f06152a4ef8","kinesis-stream-encrypted","Config Rule: kinesis-stream-encrypted

Guidance: Ensure that Amazon Kinesis streams are encrypted at rest with server-side encryption. The rule is NON_COMPLIANT for a Kinesis stream if 'StreamEncryption' is not present.","{""guidance"": ""Ensure that Amazon Kinesis streams are encrypted at rest with server-side encryption. The rule is NON_COMPLIANT for a Kinesis stream if 'StreamEncryption' is not present."", ""service"": ""kinesis""}"
"b847fc33-a178-46f1-b3a3-1968212f0143","lambda-function-settings-check","Config Rule: lambda-function-settings-check

Guidance: Ensure that the AWS Lambda function settings for runtime, role, timeout, and memory size match the expected values. The rule ignores functions with the 'Image' package type and functions with runtime set to 'OS-onlyRuntime'. The rule is NON_COMPLIANT if the Lambda function settings do not match the expected values.","{""guidance"": ""Ensure that the AWS Lambda function settings for runtime, role, timeout, and memory size match the expected values. The rule ignores functions with the 'Image' package type and functions with runtime set to 'OS-onlyRuntime'. The rule is NON_COMPLIANT if the Lambda function settings do not match the expected values."", ""service"": ""lambda""}"
"8b53b494-443b-40c4-9130-9e964011521b","macie-auto-sensitive-data-discovery-check","Config Rule: macie-auto-sensitive-data-discovery-check

Guidance: Ensure that automated sensitive data discovery is enabled for Amazon Macie. The rule is NON_COMPLIANT if automated sensitive data discovery is disabled. The rule is APPLICABLE for administr ator accounts and NOT_APPLICABLE for member accounts.","{""guidance"": ""Ensure that automated sensitive data discovery is enabled for Amazon Macie. The rule is NON_COMPLIANT if automated sensitive data discovery is disabled. The rule is APPLICABLE for administr ator accounts and NOT_APPLICABLE for member accounts."", ""service"": ""macie""}"
"807577fd-12a4-4a5b-a11e-82a39c3116f7","macie-status-check","Config Rule: macie-status-check

Guidance: Ensure that Amazon Macie is enabled in your account per region. The rule is NON_COMPLIANT if the 'status' attribute is not set to 'ENABLED'.","{""guidance"": ""Ensure that Amazon Macie is enabled in your account per region. The rule is NON_COMPLIANT if the 'status' attribute is not set to 'ENABLED'."", ""service"": ""macie""}"
"b6f9f744-dc46-4635-b0f3-3720ac03a08f","mq-cloudwatch-audit-log-enabled","Config Rule: mq-cloudwatch-audit-log-enabled

Guidance: Ensure that an Amazon MQ broker has CloudWatch audit logging enabled. The rule is NON_COMPLIANT if the broker does not have audit logging enabled.","{""guidance"": ""Ensure that an Amazon MQ broker has CloudWatch audit logging enabled. The rule is NON_COMPLIANT if the broker does not have audit logging enabled."", ""service"": ""mq""}"
"0f1ef978-7b06-4d27-8bc2-993d57361173","mq-cloudwatch-audit-logging-enabled","Config Rule: mq-cloudwatch-audit-logging-enabled

Guidance: Ensure that Amazon MQ brokers have Amazon CloudWatch audit logging enabled. The rule is NON_COMPLIANT if a broker does not have audit logging enabled.","{""guidance"": ""Ensure that Amazon MQ brokers have Amazon CloudWatch audit logging enabled. The rule is NON_COMPLIANT if a broker does not have audit logging enabled."", ""service"": ""mq""}"
"e2a55cff-980a-41ef-94d2-a0a0719e2fae","msk-in-cluster-node-require-tls","Config Rule: msk-in-cluster-node-require-tls

Guidance: Ensure that an Amazon MSK cluster enforces encryption in transit using HTTPS (TLS) with the broker nodes of the cluster. The rule is NON_COMPLIANT if plain text communication is enabled for in- cluster broker node connections.","{""guidance"": ""Ensure that an Amazon MSK cluster enforces encryption in transit using HTTPS (TLS) with the broker nodes of the cluster. The rule is NON_COMPLIANT if plain text communication is enabled for in- cluster broker node connections."", ""service"": ""kafka""}"
"2d9c4562-52c0-4ac0-b074-325a10911ca3","multi-region-cloudtrail-enabled","Config Rule: multi-region-cloudtrail-enabled

Guidance: Note: for this rule, the rule identiﬁer (MULTI_REGION_CLOUD_TRAIL_ENABLED) and rule name (multi-region-clou dtrail-enabled) are diﬀerent. Ensure that there is at leastone multi-region AWS CloudTrail. The rule is NON_COMPLIANT if the trails do not match input parameters. The rule is NON_COMPLIANT if the ExcludeManagementEventSources ﬁeld is not empty or if AWS CloudTrail is conﬁgured to exclude management events such as AWS KMS events or Amazon RDS DataAPI events.","{""guidance"": ""Note: for this rule, the rule identi\ufb01er (MULTI_REGION_CLOUD_TRAIL_ENABLED) and rule name (multi-region-clou dtrail-enabled) are di\ufb00erent. Ensure that there is at leastone multi-region AWS CloudTrail. The rule is NON_COMPLIANT if the trails do not match input parameters. The rule is NON_COMPLIANT if the ExcludeManagementEventSources \ufb01eld is not empty or if AWS CloudTrail is con\ufb01gured to exclude management events such as AWS KMS events or Amazon RDS DataAPI events."", ""service"": ""cloudtrail""}"
"fce7dd1b-3fa3-45b2-8c81-8912b9902700","nacl-no-unrestricted-ssh-rdp","Config Rule: nacl-no-unrestricted-ssh-rdp

Guidance: Ensure that default ports for SSH/RDP ingress traﬃc for network access control lists (NACLs) are restricted. The rule is NON_COMPLIANT if a NACL inbound entry allowsa source TCP or UDP CIDR block for ports22 or 3389.","{""guidance"": ""Ensure that default ports for SSH/RDP ingress tra\ufb03c for network access control lists (NACLs) are restricted. The rule is NON_COMPLIANT if a NACL inbound entry allowsa source TCP or UDP CIDR block for ports22 or 3389."", ""service"": ""ec2""}"
"97b5d01d-3be1-4e00-b40e-3f9ca655c4be","neptune-cluster-backup-retention-check","Config Rule: neptune-cluster-backup-retention-check

Guidance: Ensure that an Amazon NeptuneDB cluster retention period is set to speciﬁc number of days. The rule is NON_COMPLIANT if the retention period is less than the value speciﬁed by the parameter.","{""guidance"": ""Ensure that an Amazon NeptuneDB cluster retention period is set to speci\ufb01c number of days. The rule is NON_COMPLIANT if the retention period is less than the value speci\ufb01ed by the parameter."", ""service"": ""neptune""}"
"72f084d7-d056-431d-8b1f-3511d7396eff","neptune-cluster-cloudwatch-log-export-enabled","Config Rule: neptune-cluster-cloudwatch-log-export-enabled

Guidance: Ensure that an Amazon Neptune cluster has CloudWatch log export enabled for audit logs. The rule is NON_COMPLIANT if a Neptune cluster does not have CloudWatch log export enabled for audit logs.","{""guidance"": ""Ensure that an Amazon Neptune cluster has CloudWatch log export enabled for audit logs. The rule is NON_COMPLIANT if a Neptune cluster does not have CloudWatch log export enabled for audit logs."", ""service"": ""neptune""}"
"429ecef6-e5ec-4885-8eef-454c61ed58a6","neptune-cluster-encrypted","Config Rule: neptune-cluster-encrypted

Guidance: Ensure that storage encryption is enabled for your Amazon Neptune DB clusters. The rule is NON_COMPLIANT if storage encryption is not enabled.","{""guidance"": ""Ensure that storage encryption is enabled for your Amazon Neptune DB clusters. The rule is NON_COMPLIANT if storage encryption is not enabled."", ""service"": ""neptune""}"
"ddd28ce7-bbb7-4128-827c-c8e60f6506a8","neptune-cluster-iam-database-authentication","Config Rule: neptune-cluster-iam-database-authentication

Guidance: Ensure that an Amazon Neptune cluster has AWS Identity and Access Management (IAM) database authentication enabled. The rule is NON_COMPLIANT if an Amazon Neptune cluster does not have IAM database authentication enabled.","{""guidance"": ""Ensure that an Amazon Neptune cluster has AWS Identity and Access Management (IAM) database authentication enabled. The rule is NON_COMPLIANT if an Amazon Neptune cluster does not have IAM database authentication enabled."", ""service"": ""neptune""}"
"91dae25e-e083-4696-8f50-4299bdcc303b","neptune-cluster-snapshot-encrypted","Config Rule: neptune-cluster-snapshot-encrypted

Guidance: Ensure that an Amazon Neptune DB cluster has snapshots encrypted. The rule is NON_COMPLIANT if a Neptune cluster does not have snapshots encrypted.","{""guidance"": ""Ensure that an Amazon Neptune DB cluster has snapshots encrypted. The rule is NON_COMPLIANT if a Neptune cluster does not have snapshots encrypted."", ""service"": ""neptune""}"
"b8a2d34b-1503-4367-a9e2-4dd6c01d8d06","neptune-cluster-snapshot-public-prohibited","Config Rule: neptune-cluster-snapshot-public-prohibited

Guidance: Ensure that an Amazon Neptune manual DB cluster snapshot is not public. The rule is NON_COMPLIANT if any existing and new Neptune cluster snapshot is public.","{""guidance"": ""Ensure that an Amazon Neptune manual DB cluster snapshot is not public. The rule is NON_COMPLIANT if any existing and new Neptune cluster snapshot is public."", ""service"": ""neptune""}"
"3cc598fa-3d09-43c1-95af-c28feda8262b","netfw-logging-enabled","Config Rule: netfw-logging-enabled

Guidance: Ensure that AWS Network Firewall ﬁrewalls have logging enabled. The rule is NON_COMPLIANT if a logging type is not conﬁgured. You can specify which logging type you want the rule to check.","{""guidance"": ""Ensure that AWS Network Firewall \ufb01rewalls have logging enabled. The rule is NON_COMPLIANT if a logging type is not con\ufb01gured. You can specify which logging type you want the rule to check."", ""service"": ""network-firewall""}"
"d002af93-2c5f-4c4f-9952-3c1f9e09659f","netfw-policy-default-action-fragment-packets","Config Rule: netfw-policy-default-action-fragment-packets

Guidance: Ensure that an AWS Network Firewall policy is conﬁgured with a user deﬁned stateless default action for fragmented packets. The rule is NON_COMPLIANT if stateless default action for fragmented packets does not match with user deﬁned default action.","{""guidance"": ""Ensure that an AWS Network Firewall policy is con\ufb01gured with a user de\ufb01ned stateless default action for fragmented packets. The rule is NON_COMPLIANT if stateless default action for fragmented packets does not match with user de\ufb01ned default action."", ""service"": ""network-firewall""}"
"baff8dab-3537-4c23-911a-bff74a69a974","netfw-policy-default-action-full-packets","Config Rule: netfw-policy-default-action-full-packets

Guidance: Ensure that an AWS Network Firewall policy is conﬁgured with a user deﬁned default stateless action for full packets. This rule is NON_COMPLIANT if default stateless action for full packets does not match with user deﬁned default stateless action.","{""guidance"": ""Ensure that an AWS Network Firewall policy is con\ufb01gured with a user de\ufb01ned default stateless action for full packets. This rule is NON_COMPLIANT if default stateless action for full packets does not match with user de\ufb01ned default stateless action."", ""service"": ""network-firewall""}"
"f95e8e30-b07b-444e-a311-4191747a03cf","rds-cluster-iam-authentication-enabled","Config Rule: rds-cluster-iam-authentication-enabled

Guidance: Ensure that an Amazon Relational Database Service (Amazon RDS) cluster has AWS Identity and Access Management (IAM) authentication enabled. The rule is NON_COMPLIANT if an Amazon RDS Cluster does not have IAM authentication enabled.","{""guidance"": ""Ensure that an Amazon Relational Database Service (Amazon RDS) cluster has AWS Identity and Access Management (IAM) authentication enabled. The rule is NON_COMPLIANT if an Amazon RDS Cluster does not have IAM authentication enabled."", ""service"": ""rds""}"
"1d8713d1-b351-4bfb-a544-63df6faebef6","rds-db-security-group-not-allowed","Config Rule: rds-db-security-group-not-allowed

Guidance: Ensure that the Amazon Relational Database Service (Amazon RDS) DB security groups is the default one. The rule is NON_COMPLIANT if there are any DB security groups that are not the defaultDB security group.","{""guidance"": ""Ensure that the Amazon Relational Database Service (Amazon RDS) DB security groups is the default one. The rule is NON_COMPLIANT if there are any DB security groups that are not the defaultDB security group."", ""service"": ""rds""}"
"e302615c-2f9c-45f3-9c60-8d0df79f8204","rds-in-backup-plan","Config Rule: rds-in-backup-plan

Guidance: Ensure that Amazon Relational Database Service (Amazon RDS) databases are present in AWS Backup plans. The rule is NON_COMPLIANT if Amazon RDS databases are not included in any AWS Backup plan.","{""guidance"": ""Ensure that Amazon Relational Database Service (Amazon RDS) databases are present in AWS Backup plans. The rule is NON_COMPLIANT if Amazon RDS databases are not included in any AWS Backup plan."", ""service"": ""rds""}"
"e15dd968-b036-494a-a152-2ad3de62803c","rds-instance-iam-authentication-enabled","Config Rule: rds-instance-iam-authentication-enabled

Guidance: Ensure that an Amazon Relational Database Service (Amazon RDS) instance has AWS Identity and Access Management (IAM) authentication enabled. The rule is NON_COMPLIANT if an Amazon RDS instance does not have IAM authentication enabled.","{""guidance"": ""Ensure that an Amazon Relational Database Service (Amazon RDS) instance has AWS Identity and Access Management (IAM) authentication enabled. The rule is NON_COMPLIANT if an Amazon RDS instance does not have IAM authentication enabled."", ""service"": ""rds""}"
"9215ba13-0ef1-4b20-8993-d1dd6752e66e","rds-resources-protected-by-backup-plan","Config Rule: rds-resources-protected-by-backup-plan

Guidance: Ensure that Amazon Relational Database Service (Amazon RDS) instances are protected by a backup plan. The rule is NON_COMPLIANT if the Amazon RDS Database instance is not covered by a backup plan.","{""guidance"": ""Ensure that Amazon Relational Database Service (Amazon RDS) instances are protected by a backup plan. The rule is NON_COMPLIANT if the Amazon RDS Database instance is not covered by a backup plan."", ""service"": ""rds""}"
"7fd7ae73-32f0-4d7d-8558-d5f220a12123","redshift-backup-enabled","Config Rule: redshift-backup-enabled

Guidance: Ensure that Amazon Redshift automated snapshots are enabled for clusters. The rule is NON_COMPLIANT if the value for automated SnapshotRetentionP eriod is greater than MaxRetentionPeriod or less than MinRetentionPeriod or the value is 0.","{""guidance"": ""Ensure that Amazon Redshift automated snapshots are enabled for clusters. The rule is NON_COMPLIANT if the value for automated SnapshotRetentionP eriod is greater than MaxRetentionPeriod or less than MinRetentionPeriod or the value is 0."", ""service"": ""redshift""}"
"7df90ba0-7267-4c16-995c-e7efb6064ab4","redshift-cluster-kms-enabled","Config Rule: redshift-cluster-kms-enabled

Guidance: Ensure that Amazon Redshift clusters are using a speciﬁed AWS Key Management Service (AWS KMS)key for encryption. The rule is COMPLIANT if encryption is enabled and the cluster is encrypted with the key provided in the kmsKeyArn parameter. The rule is NON_COMPLIANT if the cluster is not encrypted or encrypted with another key.","{""guidance"": ""Ensure that Amazon Redshift clusters are using a speci\ufb01ed AWS Key Management Service (AWS KMS)key for encryption. The rule is COMPLIANT if encryption is enabled and the cluster is encrypted with the key provided in the kmsKeyArn parameter. The rule is NON_COMPLIANT if the cluster is not encrypted or encrypted with another key."", ""service"": ""redshift""}"
"f057ce7c-9705-4c60-bd42-964513f6dfef","redshift-enhanced-vpc-routing-enabled","Config Rule: redshift-enhanced-vpc-routing-enabled

Guidance: Ensure that Amazon Redshift clusters have 'enhancedVpcRouting' enabled. The rule is NON_COMPLIANT if 'enhancedVpcRouting' is not enabled or if the conﬁgura tion.enhancedVpcRo uting ﬁeld is 'false'.","{""guidance"": ""Ensure that Amazon Redshift clusters have 'enhancedVpcRouting' enabled. The rule is NON_COMPLIANT if 'enhancedVpcRouting' is not enabled or if the con\ufb01gura tion.enhancedVpcRo uting \ufb01eld is 'false'."", ""service"": ""redshift""}"
"5068163e-3f69-45c2-9039-d1eb1b4c6dd9","restricted-ssh","Config Rule: restricted-ssh

Guidance: Note: For this rule, the rule identiﬁer (INCOMING_SSH_DISABLED) and rule name (restricted-ssh) are diﬀerent. Ensure that the incomingSSH traﬃc for the security groups is accessible. The rule is COMPLIANT if the IP addresses of the incoming SSH traﬃc in the security groups are restricted (CIDR other than 0.0.0.0/0 or ::/0). Otherwise, NON_COMPLIANT.","{""guidance"": ""Note: For this rule, the rule identi\ufb01er (INCOMING_SSH_DISABLED) and rule name (restricted-ssh) are di\ufb00erent. Ensure that the incomingSSH tra\ufb03c for the security groups is accessible. The rule is COMPLIANT if the IP addresses of the incoming SSH tra\ufb03c in the security groups are restricted (CIDR other than 0.0.0.0/0 or ::/0). Otherwise, NON_COMPLIANT."", ""service"": ""unknown""}"
"411df4a7-e4a9-4d5a-a909-d0582184c752","s3-access-point-public-access-blocks","Config Rule: s3-access-point-public-access-blocks

Guidance: Ensure that Amazon S3 access points have block public access settings enabled. The rule is NON_COMPLIANT if block public access settings are not enabled for S3 access points.","{""guidance"": ""Ensure that Amazon S3 access points have block public access settings enabled. The rule is NON_COMPLIANT if block public access settings are not enabled for S3 access points."", ""service"": ""s3""}"
"9892ab57-221e-41dc-a4a4-66b3bbe00a4e","s3-account-level-public-access-blocks","Config Rule: s3-account-level-public-access-blocks

Guidance: Ensure that the required public access block settings are conﬁgured from account level. The rule is only NON_COMPLIANT when the ﬁelds set below do not match the corresponding ﬁelds in the conﬁguration item.","{""guidance"": ""Ensure that the required public access block settings are con\ufb01gured from account level. The rule is only NON_COMPLIANT when the \ufb01elds set below do not match the corresponding \ufb01elds in the con\ufb01guration item."", ""service"": ""s3""}"
"9dbe5ec2-cf2b-4e07-995d-7b85ac3db325","s3-bucket-blacklisted-actions-prohibited","Config Rule: s3-bucket-blacklisted-actions-prohibited

Guidance: Ensure that an Amazon Simple Storage Service (Amazon S3) bucket policy does not allow blocklisted bucket-level and object-level actions on resources in the bucket for principals from other AWS accounts. For example, the rule checks that the Amazon S3 bucket policy does not allow another AWS account to perform any s3:GetBucket* actions and s3:DeleteObject on any object in the bucket. The rule is NON_COMPLIANT if any blocklisted actions are allowed by the Amazon S3 bucket policy.","{""guidance"": ""Ensure that an Amazon Simple Storage Service (Amazon S3) bucket policy does not allow blocklisted bucket-level and object-level actions on resources in the bucket for principals from other AWS accounts. For example, the rule checks that the Amazon S3 bucket policy does not allow another AWS account to perform any s3:GetBucket* actions and s3:DeleteObject on any object in the bucket. The rule is NON_COMPLIANT if any blocklisted actions are allowed by the Amazon S3 bucket policy."", ""service"": ""s3""}"
"cc97e919-e01d-4eab-85be-c2a2cc301f5e","s3-bucket-default-lock-enabled","Config Rule: s3-bucket-default-lock-enabled

Guidance: Ensure that the S3 bucket has lock enabled, by default. The rule is NON_COMPLIANT if the lock is not enabled.","{""guidance"": ""Ensure that the S3 bucket has lock enabled, by default. The rule is NON_COMPLIANT if the lock is not enabled."", ""service"": ""s3""}"
"007492d7-8240-4247-87b6-3fc778ee2445","s3-bucket-mfa-delete-enabled","Config Rule: s3-bucket-mfa-delete-enabled

Guidance: Ensure that MFA Delete is enabled in the Amazon Simple Storage Service (Amazon S3) bucket versioning conﬁgura tion. The rule is NON_COMPLIANT if MFA Delete is not enabled.","{""guidance"": ""Ensure that MFA Delete is enabled in the Amazon Simple Storage Service (Amazon S3) bucket versioning con\ufb01gura tion. The rule is NON_COMPLIANT if MFA Delete is not enabled."", ""service"": ""s3""}"
"3398f3bb-b25b-46ab-ae59-26512ce46975","s3-bucket-policy-not-more-permissive","Config Rule: s3-bucket-policy-not-more-permissive

Guidance: Ensure that your Amazon Simple Storage Service (S3) bucket policies do not allow other inter- account permissions than the control Amazon S3 bucket policy that you provide.","{""guidance"": ""Ensure that your Amazon Simple Storage Service (S3) bucket policies do not allow other inter- account permissions than the control Amazon S3 bucket policy that you provide."", ""service"": ""s3""}"
"1d206fec-0fd5-4c10-b967-a91eb917aca4","s3-bucket-versioning-enabled","Config Rule: s3-bucket-versioning-enabled

Guidance: Ensure that versioning is enabled for yourS3 buckets. Optionally, the rule checks if MFA delete is enabled for your S3 buckets.","{""guidance"": ""Ensure that versioning is enabled for yourS3 buckets. Optionally, the rule checks if MFA delete is enabled for your S3 buckets."", ""service"": ""s3""}"
"1af5408c-1731-4161-a42d-7b8841b93f95","s3-resources-protected-by-backup-plan","Config Rule: s3-resources-protected-by-backup-plan

Guidance: Ensure that Amazon Simple Storage Service (Amazon S3) buckets are protected by a backup plan. The rule is NON_COMPLIANT if the Amazon S3 bucket is not covered by a backup plan.","{""guidance"": ""Ensure that Amazon Simple Storage Service (Amazon S3) buckets are protected by a backup plan. The rule is NON_COMPLIANT if the Amazon S3 bucket is not covered by a backup plan."", ""service"": ""s3""}"
"1d999aa6-a6bc-4d90-889e-a5520b80aeec","secretsmanager-scheduled-rotation-success-check","Config Rule: secretsmanager-scheduled-rotation-success-check

Guidance: Ensure that AWS Secrets Manager secrets rotated successfully according to the rotation schedule. Secrets Manager calculates the date the rotation should happen. The rule is NON_COMPLIANT if the date passes and the secret isn't rotated.","{""guidance"": ""Ensure that AWS Secrets Manager secrets rotated successfully according to the rotation schedule. Secrets Manager calculates the date the rotation should happen. The rule is NON_COMPLIANT if the date passes and the secret isn't rotated."", ""service"": ""secretsmanager""}"
"e8596756-a688-49bf-95a6-7f4c7567b56e","secretsmanager-secret-periodic-rotation","Config Rule: secretsmanager-secret-periodic-rotation

Guidance: Ensure that AWS Secrets Manager secrets have been rotated in the past speciﬁed numberof days. The rule is NON_COMPLIANT if a secret has not been rotated for more than maxDaysSinceRotati on number of days. the default value is 90 days.","{""guidance"": ""Ensure that AWS Secrets Manager secrets have been rotated in the past speci\ufb01ed numberof days. The rule is NON_COMPLIANT if a secret has not been rotated for more than maxDaysSinceRotati on number of days. the default value is 90 days."", ""service"": ""secretsmanager""}"
"bec0d6b7-b530-433f-ad18-65e0e2a06806","secretsmanager-secret-unused","Config Rule: secretsmanager-secret-unused

Guidance: Ensure that AWS Secrets Manager secrets have been accessed within a speciﬁed numberof days. The rule is NON_COMPLIANT if a secret has not been accessed in 'unusedForDays' number of days. the default value is 90 days.","{""guidance"": ""Ensure that AWS Secrets Manager secrets have been accessed within a speci\ufb01ed numberof days. The rule is NON_COMPLIANT if a secret has not been accessed in 'unusedForDays' number of days. the default value is 90 days."", ""service"": ""secretsmanager""}"
"b59ed7e0-992c-47c7-be28-a382eafabc21","security-account-information-provided","Config Rule: security-account-information-provided

Guidance: Ensure that you have provided security contact information for your AWS account contacts. The rule is NON_COMPLIANT if security contact information within the account is not provided.","{""guidance"": ""Ensure that you have provided security contact information for your AWS account contacts. The rule is NON_COMPLIANT if security contact information within the account is not provided."", ""service"": ""unknown""}"
"a3caca90-f187-4171-b2eb-88604fad2c31","service-catalog-shared-within-organization","Config Rule: service-catalog-shared-within-organization

Guidance: Ensure that AWS Service Catalog shares portfolios to an organization (a collection of AWS accounts treated asa single unit) when integration is enabled with AWS Organizat ions. The rule is NON_COMPLIANT if the `Type` value of a share is `ACCOUNT`.","{""guidance"": ""Ensure that AWS Service Catalog shares portfolios to an organization (a collection of AWS accounts treated asa single unit) when integration is enabled with AWS Organizat ions. The rule is NON_COMPLIANT if the `Type` value of a share is `ACCOUNT`."", ""service"": ""unknown""}"
"5372dcf2-c22f-4a61-8836-225eb579efa6","shield-drt-access","Config Rule: shield-drt-access

Guidance: Ensure that the Shield Response Team (SRT) can access your AWS account. The rule is NON_COMPLIANT if AWS Shield Advanced is enabled but the role for SRT access is not conﬁgured.","{""guidance"": ""Ensure that the Shield Response Team (SRT) can access your AWS account. The rule is NON_COMPLIANT if AWS Shield Advanced is enabled but the role for SRT access is not con\ufb01gured."", ""service"": ""shield""}"
"b655b0a3-e7b4-4fd9-944c-c44532a3184f","sns-topic-message-delivery-notiﬁcation-enabled","Config Rule: sns-topic-message-delivery-notiﬁcation-enabled

Guidance: Ensure that Amazon Simple Notiﬁcation Service (SNS) logging is enabled for the delivery status of notiﬁcation messages sent to a topic for the endpoints. The rule is NON_COMPLIANT if the delivery status notiﬁcation for messages is not enabled.","{""guidance"": ""Ensure that Amazon Simple Noti\ufb01cation Service (SNS) logging is enabled for the delivery status of noti\ufb01cation messages sent to a topic for the endpoints. The rule is NON_COMPLIANT if the delivery status noti\ufb01cation for messages is not enabled."", ""service"": ""sns""}"
"dbb41bc0-b56a-4f70-b90e-b15570d86adc","step-functions-state-machine-logging-enabled","Config Rule: step-functions-state-machine-logging-enabled

Guidance: Ensure that AWS Step Functions machine has logging enabled. The rule is NON_COMPLIANT if a state machine does not have logging enabled or the logging conﬁguration is not at the minimum level provided.","{""guidance"": ""Ensure that AWS Step Functions machine has logging enabled. The rule is NON_COMPLIANT if a state machine does not have logging enabled or the logging con\ufb01guration is not at the minimum level provided."", ""service"": ""stepfunctions""}"
"2aa5aaf3-f619-49dc-af39-dfcc6854910d","transfer-family-server-no-ftp","Config Rule: transfer-family-server-no-ftp

Guidance: Ensure that a server created with AWS Transfer Family does not use FTP for endpoint connection. The rule is NON_COMPLIANT if the server protocol for endpoint connection is FTP-enabled.","{""guidance"": ""Ensure that a server created with AWS Transfer Family does not use FTP for endpoint connection. The rule is NON_COMPLIANT if the server protocol for endpoint connection is FTP-enabled."", ""service"": ""awstransfer""}"
"3b6e39d5-3694-450f-a2d3-f21b4ebfdfc8","waf-classic-logging-enabled","Config Rule: waf-classic-logging-enabled

Guidance: Ensure that logging is enabled on AWS WAF classic global web access control lists (web ACLs). The rule is NON_COMPLIANT for a global web ACL, if it does not have logging enabled.","{""guidance"": ""Ensure that logging is enabled on AWS WAF classic global web access control lists (web ACLs). The rule is NON_COMPLIANT for a global web ACL, if it does not have logging enabled."", ""service"": ""waf""}"
"31199fb9-c38b-439c-96a6-1d6387864e7b","waf-global-rule-not-empty","Config Rule: waf-global-rule-not-empty

Guidance: Ensure that an AWS WAF global rule contains some conditions. The rule is NON_COMPLIANT if no conditions are present within the WAF global rule.","{""guidance"": ""Ensure that an AWS WAF global rule contains some conditions. The rule is NON_COMPLIANT if no conditions are present within the WAF global rule."", ""service"": ""waf""}"
"4e0ef1b7-c8a8-4ec5-957c-d790bbe7e2e8","waf-global-rulegroup-not-empty","Config Rule: waf-global-rulegroup-not-empty

Guidance: Ensure that an AWS WAF Classic rule group contains some rules. The rule is NON_COMPLIANT if there are no rules present within a rule group.","{""guidance"": ""Ensure that an AWS WAF Classic rule group contains some rules. The rule is NON_COMPLIANT if there are no rules present within a rule group."", ""service"": ""waf""}"
"d1b57c6c-5e8f-4bc1-a2c2-f6770a138a34","waf-global-webacl-not-empty","Config Rule: waf-global-webacl-not-empty

Guidance: Ensure that a WAF Global Web ACL contains someWAF rules or rule groups. This rule is NON_COMPLIANT if a Web ACL does not contain any WAF rule or rule group.","{""guidance"": ""Ensure that a WAF Global Web ACL contains someWAF rules or rule groups. This rule is NON_COMPLIANT if a Web ACL does not contain any WAF rule or rule group."", ""service"": ""waf""}"
"3291926e-7a2e-448b-a7bd-29a6dba4aeef","wafv2-rulegroup-logging-enabled","Config Rule: wafv2-rulegroup-logging-enabled

Guidance: Ensure that Amazon CloudWatch security metrics collection on AWS WAFv2 rule groups is enabled. The rule is NON_COMPLIANT if the 'VisibilityConﬁg.CloudWatchMetricsEnabled' ﬁeld is set to false.","{""guidance"": ""Ensure that Amazon CloudWatch security metrics collection on AWS WAFv2 rule groups is enabled. The rule is NON_COMPLIANT if the 'VisibilityCon\ufb01g.CloudWatchMetricsEnabled' \ufb01eld is set to false."", ""service"": ""wafv2""}"
"54c8d626-4cc5-4b3f-9adf-3ce5b558dd52","wafv2-rulegroup-not-empty","Config Rule: wafv2-rulegroup-not-empty

Guidance: Ensure that WAFv2 Rule Groups contain rules. The rule is NON_COMPLIANT if there are no rules in a WAFv2 Rule Group.","{""guidance"": ""Ensure that WAFv2 Rule Groups contain rules. The rule is NON_COMPLIANT if there are no rules in a WAFv2 Rule Group."", ""service"": ""wafv2""}"
"a9a8faef-c961-4f1f-b57f-b2712bcdfad9","wafv2-webacl-not-empty","Config Rule: wafv2-webacl-not-empty

Guidance: Ensure that a WAFv2Web ACL containsany WAF rules or WAF rule groups. This rule is NON_COMPLIANT if a Web ACL does not contain any WAF rules or WAF rule groups.","{""guidance"": ""Ensure that a WAFv2Web ACL containsany WAF rules or WAF rule groups. This rule is NON_COMPLIANT if a Web ACL does not contain any WAF rules or WAF rule groups."", ""service"": ""wafv2""}"
